Name,Age,Salary,Gender,Department,Position,Joining Date,Performance Score,Email,Phone Number,,
 Grace ,25,"$50,000",Male,HR,Manager,04/05/18,D,email@example.com,000-000-0000,,
 David ,37,"$65,000",Female,Finance,Director,02/20/20,F,user@domain.com,123-456-7890,,
 Hannah ,35,"$60,000 ",Female,Sales,Director,01/15/20,C,email@example.com,098-765-4321,,
 Eve ,37,"$50,000",Female,IT,Manager,04/05/18,A,name@company.org, ,,
 Grace ,37,"$60,260",Female,Finance,Manager,01/15/20,F,name@company.org,098-765-4321,,
 Jack ,37,"$65,000",Other,Marketing,Director,03/25/19,F,user@domain.com,000-000-0000,,
 Charlie ,37,"$50,000",Male,Marketing,Clerk,01/12/19,B,no-user@gmail.com,123-456-7890,,
 Grace ,40,"$50,000",Other,HR,Director,03/25/19,C,no-user@gmail.com, ,,
 Hannah ,40,"$60,000 ",Female,Marketing,Manager,01/15/20,C,user@domain.com,123-456-7890,,
 Eve ,30,"$60,260 ",Other,Finance,Assistant,02/20/20,A,no-user@gmail.com, ,,
 David ,25,"$70,000",Male,Marketing,Analyst,01/12/19,B,no-user@gmail.com,123-456-7890,,
 Hannah ,37,"$70,000",Other,Finance,Assistant,03/25/19,A,no-user@gmail.com,000-000-0000,,
 Hannah ,30,"$50,000",Male,IT,Assistant,04/05/18,D,no-user@gmail.com, ,,
 Charlie ,25,"$55,000",Other,HR,Manager,02/20/20,F,no-user@gmail.com,555-555-5555,,
 Frank ,50,"$60,260 ",Male,Marketing,Director,03/25/19,A,no-user@gmail.com,123-456-7890,,
 Eve ,35,"$65,000",Male,Finance,Clerk,04/05/18,F,no-user@gmail.com,123-456-7890,,
 Bob ,40,"$55,000",Female,Sales,Assistant,01/15/20,B,no-user@gmail.com,098-765-4321,,
 Hannah ,50,"$55,000",Male,HR,Director,04/05/18,D,user@domain.com, ,,
 Frank ,25,"$60,260 ",Female,IT,Clerk,03/25/19,B,email@example.com,555-555-5555,,
 Bob ,50,"$50,000",Female,Finance,Assistant,03/25/19,D,user@domain.com,000-000-0000,,
 Eve ,35,"$50,000",Female,IT,Clerk,01/15/20,D,email@example.com,098-765-4321,,
 Alice ,25,"$50,000",Other,IT,Director,04/05/18,F,user@domain.com,555-555-5555,,
 Jack ,50,"$50,000",Other,Marketing,Analyst,04/05/18,B,email@example.com, ,,
 Frank ,40,"$70,000",Other,Marketing,Director,01/15/20,B,email@example.com,555-555-5555,,
 Ivy ,40,"$50,000",Other,Finance,Manager,04/05/18,A,name@company.org,123-456-7890,,
 Alice ,30,"$70,000",Male,Sales,Clerk,01/15/20,B,email@example.com,123-456-7890,,
 Jack ,50,"$70,000",Male,Finance,Analyst,02/20/20,A,email@example.com,098-765-4321,,
 Charlie ,37,"$50,000",Other,Sales,Clerk,03/25/19,C,name@company.org, ,,37
 Grace ,50,"$60,000 ",Male,IT,Clerk,02/20/20,C,no-user@gmail.com, ,,
 David ,25,"$65,000",Male,HR,Assistant,01/12/19,C,no-user@gmail.com,555-555-5555,,
 Ivy ,25,"$55,000",Female,Finance,Manager,01/12/19,B,name@company.org,098-765-4321,,
 Charlie ,50,"$70,000",Female,Finance,Clerk,01/12/19,B,no-user@gmail.com, ,,
 Eve ,35,"$60,260 ",Female,Sales,Director,01/15/20,A,email@example.com,123-456-7890,,
 Charlie ,40,"$60,260 ",Female,IT,Director,04/05/18,D,email@example.com,555-555-5555,,
 Grace ,25,"$65,000",Male,IT,Assistant,02/20/20,A,name@company.org,000-000-0000,,
 Eve ,40,"$60,260",Other,Sales,Manager,02/20/20,C,name@company.org,123-456-7890,,
 Ivy ,25,"$60,000 ",Male,IT,Manager,02/20/20,A,no-user@gmail.com,098-765-4321,,
 Grace ,30,"$60,260 ",Male,Marketing,Director,02/20/20,D,no-user@gmail.com, ,,
 Bob ,37,"$55,000",Male,HR,Analyst,01/12/19,B,user@domain.com,123-456-7890,,
 David ,25,"$55,000",Female,Finance,Assistant,02/20/20,A,no-user@gmail.com,000-000-0000,,
 Ivy ,40,"$70,000",Female,HR,Assistant,04/05/18,C,email@example.com,000-000-0000,,
 Bob ,30,"$50,000",Female,Finance,Director,01/12/19,C,name@company.org,098-765-4321,,
 Jack ,25,"$60,000 ",Other,Marketing,Director,02/20/20,B,no-user@gmail.com,123-456-7890,,
 Ivy ,35,"$70,000",Male,IT,Analyst,01/15/20,A,no-user@gmail.com,555-555-5555,,
 Jack ,37,"$60,000 ",Other,Sales,Analyst,03/25/19,D,no-user@gmail.com,123-456-7890,,
 Eve ,25,"$50,000",Female,Marketing,Manager,03/25/19,B,no-user@gmail.com,000-000-0000,,
 Bob ,30,"$60,260 ",Other,HR,Assistant,03/25/19,A,email@example.com,098-765-4321,,
 David ,35,"$60,260 ",Male,Sales,Assistant,01/12/19,F,user@domain.com,098-765-4321,,
 Grace ,50,"$50,000",Male,IT,Director,02/20/20,C,no-user@gmail.com,555-555-5555,,
 Hannah ,30,"$70,000",Female,Marketing,Manager,01/12/19,D,no-user@gmail.com,098-765-4321,,
 Charlie ,30,"$50,000",Female,Sales,Assistant,04/05/18,D,user@domain.com,098-765-4321,,
 Alice ,35,"$65,000",Other,Marketing,Manager,01/15/20,D,no-user@gmail.com,098-765-4321,,
 David ,30,"$55,000",Female,Marketing,Manager,01/15/20,C,no-user@gmail.com,098-765-4321,,
 Bob ,35,"$70,000",Female,IT,Director,03/25/19,A,no-user@gmail.com,098-765-4321,,
 Hannah ,25,"$60,000 ",Male,Finance,Manager,03/25/19,B,no-user@gmail.com,000-000-0000,,
 David ,35,"$65,000",Female,Sales,Analyst,03/25/19,A,user@domain.com,123-456-7890,,
 Bob ,35,"$70,000",Female,IT,Analyst,02/20/20,B,email@example.com, ,,
 Frank ,37,"$50,000",Male,Marketing,Clerk,04/05/18,D,no-user@gmail.com,098-765-4321,,
 Frank ,35,"$50,000",Male,IT,Director,04/05/18,A,email@example.com, ,,
 Jack ,35,"$50,000",Other,Finance,Clerk,04/05/18,D,user@domain.com, ,,
 David ,50,"$50,000",Female,Sales,Analyst,04/05/18,F,user@domain.com,000-000-0000,,
 Frank ,25,"$60,000 ",Male,Finance,Clerk,03/25/19,D,no-user@gmail.com,098-765-4321,,
 Bob ,37,"$65,000",Other,HR,Director,01/15/20,D,no-user@gmail.com, ,,
 Jack ,50,"$60,260",Other,Sales,Director,03/25/19,B,name@company.org,098-765-4321,,
 Bob ,40,"$55,000",Female,Finance,Manager,04/05/18,F,user@domain.com,555-555-5555,,
 Jack ,25,"$60,000 ",Female,Marketing,Assistant,03/25/19,D,no-user@gmail.com,555-555-5555,,
 David ,25,"$60,000 ",Other,Sales,Manager,04/05/18,D,email@example.com,555-555-5555,,
 Hannah ,40,"$60,260 ",Male,Sales,Director,01/12/19,F,no-user@gmail.com, ,,
 Grace ,35,"$60,260 ",Other,IT,Analyst,01/15/20,F,email@example.com,555-555-5555,,
 Ivy ,50,"$55,000",Female,Marketing,Analyst,01/12/19,A,user@domain.com,000-000-0000,,
 Hannah ,30,"$55,000",Male,HR,Manager,02/20/20,B,user@domain.com,000-000-0000,,
 Eve ,37,"$60,260 ",Male,Finance,Director,03/25/19,F,email@example.com, ,,
 Bob ,30,"$50,000",Other,IT,Analyst,02/20/20,F,user@domain.com,098-765-4321,,
 Eve ,40,"$60,000 ",Female,Finance,Director,03/25/19,C,no-user@gmail.com,123-456-7890,,
 Hannah ,25,"$70,000",Other,HR,Analyst,01/12/19,F,user@domain.com,098-765-4321,,
 Jack ,25,"$55,000",Other,HR,Director,04/05/18,B,no-user@gmail.com,098-765-4321,,
 Ivy ,37,"$55,000",Other,Sales,Clerk,04/05/18,D,no-user@gmail.com,098-765-4321,,
 Ivy ,25,"$60,260",Male,HR,Director,03/25/19,D,name@company.org,098-765-4321,,
 Alice ,25,"$65,000",Male,Finance,Director,04/05/18,D,user@domain.com,123-456-7890,,
 Ivy ,37,"$70,000",Female,Marketing,Manager,01/12/19,D,user@domain.com,555-555-5555,,
 Grace ,50,"$70,000",Female,Marketing,Clerk,04/05/18,C,no-user@gmail.com,098-765-4321,,
 Ivy ,50,"$55,000",Other,Sales,Assistant,01/12/19,F,no-user@gmail.com,000-000-0000,,
 Hannah ,37,"$50,000",Other,Finance,Manager,02/20/20,D,email@example.com, ,,
 Alice ,40,"$65,000",Other,Finance,Assistant,01/12/19,A,email@example.com, ,,
 Hannah ,25,"$70,000",Female,HR,Analyst,01/15/20,D,email@example.com,000-000-0000,,
 Hannah ,25,"$55,000",Male,Finance,Assistant,01/15/20,F,no-user@gmail.com,098-765-4321,,
 Charlie ,40,"$70,000",Male,IT,Director,01/15/20,D,email@example.com,123-456-7890,,
 Alice ,50,"$65,000",Other,HR,Assistant,03/25/19,C,email@example.com,555-555-5555,,
 Hannah ,35,"$65,000",Other,IT,Manager,03/25/19,B,name@company.org, ,,
 Charlie ,35,"$60,000 ",Other,Sales,Manager,03/25/19,B,email@example.com,555-555-5555,,
 Charlie ,35,"$60,260 ",Other,Marketing,Assistant,01/12/19,F,user@domain.com,123-456-7890,,
 Alice ,50,"$60,260 ",Female,Sales,Manager,03/25/19,B,no-user@gmail.com, ,,
 Eve ,50,"$55,000",Male,Marketing,Manager,02/20/20,B,no-user@gmail.com,555-555-5555,,
 Jack ,40,"$65,000",Other,Sales,Assistant,01/15/20,A,name@company.org,123-456-7890,,
 Grace ,25,"$60,000 ",Female,Finance,Clerk,01/12/19,F,no-user@gmail.com,555-555-5555,,
 Jack ,40,"$60,000 ",Other,IT,Clerk,01/15/20,F,no-user@gmail.com,098-765-4321,,
 Ivy ,40,"$70,000",Other,Marketing,Analyst,03/25/19,B,user@domain.com,123-456-7890,,
 Grace ,50,"$70,000",Male,HR,Manager,01/12/19,B,email@example.com,555-555-5555,,
 Ivy ,35,"$60,000 ",Other,IT,Assistant,04/05/18,B,user@domain.com,098-765-4321,,
 Hannah ,30,"$70,000",Male,HR,Manager,02/20/20,C,email@example.com,098-765-4321,,
 Bob ,25,"$65,000",Male,IT,Director,03/25/19,D,email@example.com,123-456-7890,,
 Alice ,50,"$50,000",Male,IT,Manager,03/25/19,C,no-user@gmail.com,000-000-0000,,
 Grace ,35,"$65,000",Female,Sales,Manager,02/20/20,F,email@example.com, ,,
 Grace ,30,"$60,000",Female,Marketing,Clerk,02/20/20,A,name@company.org,123-456-7890,,
 Hannah ,30,"$60,000",Male,Marketing,Assistant,04/05/18,D,name@company.org,098-765-4321,,
 Eve ,50,"$65,000",Other,IT,Manager,03/25/19,A,name@company.org,098-765-4321,,
 Charlie ,37,"$70,000",Male,Finance,Clerk,03/25/19,F,no-user@gmail.com,123-456-7890,,
 Hannah ,25,"$70,000",Other,Finance,Analyst,01/15/20,F,user@domain.com,000-000-0000,,
 Frank ,30,"$60,260 ",Male,HR,Clerk,01/12/19,A,no-user@gmail.com, ,,
 Charlie ,50,"$60,000 ",Other,HR,Clerk,01/12/19,A,email@example.com,555-555-5555,,
 Alice ,50,"$55,000",Female,Sales,Clerk,01/15/20,A,no-user@gmail.com,123-456-7890,,
 Charlie ,35,"$60,260 ",Other,IT,Manager,01/12/19,F,user@domain.com, ,,
 Eve ,37,"$70,000",Male,HR,Manager,02/20/20,B,user@domain.com, ,,
 Charlie ,25,"$65,000",Female,HR,Analyst,01/12/19,A,no-user@gmail.com,098-765-4321,,
 Alice ,40,"$70,000",Other,IT,Director,01/12/19,D,name@company.org,555-555-5555,,
 Eve ,35,"$65,000",Other,Sales,Director,01/15/20,F,name@company.org,123-456-7890,,
 Jack ,30,"$60,260 ",Other,HR,Director,04/05/18,C,user@domain.com,098-765-4321,,
 Grace ,30,"$60,000 ",Other,Sales,Analyst,01/12/19,C,no-user@gmail.com,098-765-4321,,
 Grace ,35,"$70,000",Other,Marketing,Director,01/12/19,D,no-user@gmail.com,000-000-0000,,
 Ivy ,50,"$65,000",Female,Sales,Director,04/05/18,B,email@example.com, ,,
 Jack ,30,"$60,000",Female,Finance,Clerk,01/15/20,A,name@company.org,123-456-7890,,
 Jack ,37,"$55,000",Female,Finance,Manager,04/05/18,F,user@domain.com,123-456-7890,,
 Charlie ,25,"$65,000",Female,Sales,Manager,01/15/20,A,no-user@gmail.com,123-456-7890,,
 Grace ,37,"$60,260",Male,Finance,Clerk,02/20/20,F,name@company.org,098-765-4321,,
 Alice ,30,"$55,000",Female,Marketing,Clerk,01/15/20,C,email@example.com,000-000-0000,,
 David ,40,"$55,000",Other,IT,Clerk,02/20/20,A,no-user@gmail.com,555-555-5555,,
 David ,25,"$50,000",Other,Finance,Manager,02/20/20,D,user@domain.com,098-765-4321,,
 Eve ,25,"$70,000",Female,Finance,Director,01/15/20,B,name@company.org,555-555-5555,,
 Grace ,35,"$65,000",Other,Sales,Clerk,03/25/19,D,no-user@gmail.com,000-000-0000,,
 Grace ,35,"$55,000",Female,Marketing,Analyst,01/15/20,B,email@example.com, ,,
 David ,40,"$50,000",Other,IT,Clerk,01/12/19,A,email@example.com,123-456-7890,,
 Grace ,50,"$60,260",Male,Sales,Assistant,01/12/19,A,name@company.org,555-555-5555,,
 Charlie ,25,"$60,000 ",Male,Sales,Clerk,03/25/19,B,no-user@gmail.com,098-765-4321,,
 Frank ,40,"$65,000",Female,Marketing,Manager,02/20/20,C,email@example.com,555-555-5555,,
 Bob ,35,"$55,000",Female,IT,Clerk,03/25/19,F,user@domain.com, ,,
 Jack ,35,"$70,000",Female,Marketing,Assistant,01/12/19,D,email@example.com,123-456-7890,,
 Ivy ,25,"$50,000",Other,IT,Analyst,03/25/19,D,no-user@gmail.com,555-555-5555,,
 Eve ,37,"$55,000",Female,Marketing,Director,01/15/20,D,no-user@gmail.com, ,,
 Frank ,30,"$70,000",Male,Sales,Clerk,03/25/19,A,no-user@gmail.com,098-765-4321,,
 David ,35,"$55,000",Other,Sales,Assistant,02/20/20,D,name@company.org,000-000-0000,,
 Jack ,50,"$65,000",Female,HR,Assistant,01/15/20,F,no-user@gmail.com,098-765-4321,,
 Grace ,50,"$65,000",Other,Finance,Analyst,04/05/18,F,email@example.com,123-456-7890,,
 Ivy ,35,"$65,000",Other,Marketing,Manager,01/12/19,B,email@example.com,098-765-4321,,
 Grace ,37,"$60,260 ",Female,HR,Clerk,01/12/19,A,no-user@gmail.com,098-765-4321,,
 Alice ,37,"$60,260 ",Other,Finance,Assistant,03/25/19,F,no-user@gmail.com,098-765-4321,,
 Alice ,40,"$50,000",Male,Marketing,Analyst,01/15/20,C,user@domain.com,098-765-4321,,
 Ivy ,50,"$65,000",Male,IT,Director,04/05/18,A,no-user@gmail.com,123-456-7890,,
 Ivy ,40,"$70,000",Other,Finance,Assistant,01/15/20,A,user@domain.com, ,,
 David ,50,"$55,000",Female,Sales,Analyst,01/12/19,F,email@example.com,555-555-5555,,
 Ivy ,30,"$60,000 ",Other,HR,Manager,01/15/20,C,user@domain.com,000-000-0000,,
 Charlie ,30,"$70,000",Male,Finance,Manager,04/05/18,B,user@domain.com,555-555-5555,,
 Grace ,25,"$60,260",Other,Finance,Assistant,03/25/19,F,name@company.org,555-555-5555,,
 Frank ,40,"$60,260 ",Other,Sales,Assistant,02/20/20,C,no-user@gmail.com,000-000-0000,,
 Hannah ,35,"$70,000",Male,Marketing,Clerk,01/15/20,A,user@domain.com,123-456-7890,,
 Ivy ,40,"$60,260 ",Other,IT,Analyst,02/20/20,C,email@example.com,000-000-0000,,
 Eve ,35,"$65,000",Other,Sales,Assistant,01/12/19,A,no-user@gmail.com,123-456-7890,,
 Alice ,37,"$50,000",Female,IT,Clerk,03/25/19,F,user@domain.com,555-555-5555,,
 Charlie ,40,"$55,000",Female,Marketing,Clerk,03/25/19,F,no-user@gmail.com,123-456-7890,,
 Jack ,37,"$50,000",Male,Finance,Assistant,01/15/20,D,name@company.org, ,,
 Hannah ,30,"$55,000",Male,IT,Manager,03/25/19,D,email@example.com,000-000-0000,,
 Frank ,30,"$55,000",Male,HR,Analyst,01/15/20,D,name@company.org, ,,
 Hannah ,25,"$50,000",Female,HR,Analyst,01/15/20,F,no-user@gmail.com,555-555-5555,,
 Ivy ,40,"$70,000",Male,Sales,Manager,02/20/20,B,user@domain.com,000-000-0000,,
 David ,37,"$55,000",Male,Marketing,Assistant,03/25/19,F,user@domain.com,555-555-5555,,
 Alice ,35,"$50,000",Male,Sales,Analyst,01/15/20,C,no-user@gmail.com, ,,
 Alice ,30,"$55,000",Female,Sales,Assistant,02/20/20,F,user@domain.com,555-555-5555,,
 Jack ,30,"$60,000 ",Other,Sales,Assistant,04/05/18,F,email@example.com,000-000-0000,,
 David ,35,"$70,000",Male,HR,Clerk,02/20/20,A,no-user@gmail.com,000-000-0000,,
 Grace ,37,"$65,000",Other,HR,Manager,02/20/20,A,name@company.org,555-555-5555,,
 Bob ,37,"$55,000",Male,Sales,Assistant,01/15/20,A,no-user@gmail.com,000-000-0000,,
 Charlie ,40,"$60,000 ",Other,HR,Director,01/12/19,F,user@domain.com,000-000-0000,,
 Alice ,40,"$65,000",Female,Marketing,Manager,01/12/19,B,name@company.org,555-555-5555,,
 Eve ,50,"$65,000",Female,Sales,Analyst,01/12/19,C,no-user@gmail.com, ,,
 Alice ,50,"$55,000",Male,HR,Clerk,02/20/20,C,no-user@gmail.com,000-000-0000,,
 Hannah ,25,"$50,000",Other,IT,Analyst,01/15/20,B,name@company.org,000-000-0000,,
 Alice ,30,"$55,000",Female,Sales,Analyst,03/25/19,B,name@company.org,000-000-0000,,
 Alice ,40,"$60,000",Male,Sales,Manager,02/20/20,C,name@company.org,000-000-0000,,
 Bob ,37,"$65,000",Male,Marketing,Analyst,02/20/20,D,email@example.com,555-555-5555,,
 Bob ,35,"$55,000",Female,Finance,Assistant,01/15/20,A,no-user@gmail.com, ,,
 Frank ,37,"$50,000",Female,Finance,Analyst,04/05/18,A,name@company.org, ,,
 Grace ,30,"$55,000",Male,Marketing,Clerk,02/20/20,C,no-user@gmail.com,123-456-7890,,
 Eve ,50,"$70,000",Other,Marketing,Clerk,04/05/18,B,name@company.org,000-000-0000,,
 Alice ,37,"$50,000",Other,Marketing,Director,04/05/18,D,no-user@gmail.com,000-000-0000,,
 Alice ,25,"$60,000 ",Other,Finance,Clerk,01/12/19,C,no-user@gmail.com,123-456-7890,,
 Charlie ,30,"$65,000",Male,Marketing,Analyst,01/15/20,A,no-user@gmail.com, ,,
 Bob ,50,"$55,000",Female,HR,Clerk,04/05/18,F,user@domain.com,098-765-4321,,
 Eve ,35,"$50,000",Male,Sales,Manager,01/15/20,B,name@company.org,098-765-4321,,
 Jack ,50,"$70,000",Female,Sales,Clerk,01/12/19,F,user@domain.com, ,,
 Frank ,25,"$50,000",Other,IT,Assistant,01/15/20,C,no-user@gmail.com,000-000-0000,,
 Grace ,30,"$60,260 ",Other,IT,Manager,02/20/20,A,user@domain.com,098-765-4321,,
 David ,35,"$70,000",Female,Sales,Director,04/05/18,D,no-user@gmail.com,555-555-5555,,
 Grace ,25,"$60,000 ",Female,HR,Assistant,01/15/20,F,no-user@gmail.com,555-555-5555,,
 Hannah ,50,"$65,000",Male,Finance,Analyst,03/25/19,D,no-user@gmail.com,123-456-7890,,
 Alice ,25,"$60,000 ",Other,Finance,Analyst,01/15/20,A,user@domain.com, ,,
 Frank ,30,"$55,000",Male,HR,Analyst,04/05/18,F,name@company.org, ,,
 Hannah ,40,"$50,000",Male,Finance,Assistant,01/12/19,D,user@domain.com,098-765-4321,,
 Eve ,25,"$60,260",Male,Marketing,Assistant,01/12/19,D,name@company.org,000-000-0000,,
 David ,25,"$70,000",Other,Sales,Assistant,04/05/18,F,name@company.org, ,,
 Bob ,50,"$70,000",Male,Sales,Manager,02/20/20,A,no-user@gmail.com,098-765-4321,,
 Frank ,50,"$50,000",Male,HR,Manager,02/20/20,D,user@domain.com,098-765-4321,,
 Frank ,35,"$60,260",Male,Finance,Analyst,01/12/19,C,name@company.org, ,,
 Alice ,50,"$50,000",Male,IT,Clerk,01/12/19,F,no-user@gmail.com,098-765-4321,,
 Ivy ,37,"$55,000",Male,IT,Analyst,04/05/18,B,name@company.org,123-456-7890,,
 Frank ,30,"$60,000 ",Male,Finance,Director,02/20/20,B,no-user@gmail.com,123-456-7890,,
 Charlie ,30,"$70,000",Other,IT,Manager,01/12/19,A,user@domain.com, ,,
 David ,40,"$55,000",Male,HR,Assistant,02/20/20,C,user@domain.com,000-000-0000,,
 David ,40,"$60,000 ",Female,HR,Manager,01/12/19,D,user@domain.com,123-456-7890,,
 Charlie ,30,"$55,000",Male,Finance,Assistant,01/15/20,B,name@company.org,123-456-7890,,
 Jack ,40,"$60,260 ",Male,IT,Director,03/25/19,A,email@example.com, ,,
 Charlie ,35,"$70,000",Other,HR,Director,01/15/20,C,name@company.org,555-555-5555,,
 Charlie ,50,"$50,000",Other,HR,Manager,01/12/19,C,name@company.org,098-765-4321,,
 David ,30,"$50,000",Female,Marketing,Assistant,03/25/19,A,no-user@gmail.com,123-456-7890,,
 Grace ,40,"$60,000 ",Female,Marketing,Director,03/25/19,A,no-user@gmail.com,555-555-5555,,
 David ,30,"$65,000",Other,HR,Analyst,01/12/19,D,name@company.org,000-000-0000,,
 Ivy ,37,"$60,260 ",Other,Finance,Analyst,01/12/19,A,no-user@gmail.com,555-555-5555,,
 Alice ,25,"$60,000 ",Male,Sales,Assistant,02/20/20,D,no-user@gmail.com, ,,
 Hannah ,50,"$65,000",Other,Sales,Manager,01/12/19,D,name@company.org,000-000-0000,,
 Grace ,30,"$55,000",Female,HR,Director,04/05/18,F,email@example.com,000-000-0000,,
 Bob ,25,"$60,260 ",Male,HR,Manager,01/12/19,C,no-user@gmail.com,555-555-5555,,
 Hannah ,40,"$55,000",Female,HR,Analyst,04/05/18,C,user@domain.com, ,,
 Alice ,25,"$70,000",Male,Finance,Director,01/12/19,C,name@company.org,123-456-7890,,
 Ivy ,50,"$60,260",Other,Marketing,Manager,02/20/20,F,name@company.org,555-555-5555,,
 Ivy ,30,"$65,000",Female,HR,Clerk,04/05/18,D,no-user@gmail.com,123-456-7890,,
 Bob ,37,"$70,000",Male,HR,Assistant,01/15/20,D,no-user@gmail.com,555-555-5555,,
 Grace ,40,"$50,000",Male,IT,Assistant,04/05/18,A,no-user@gmail.com,123-456-7890,,
 Jack ,30,"$65,000",Other,Finance,Clerk,02/20/20,F,no-user@gmail.com,555-555-5555,,
 Charlie ,50,"$60,000 ",Other,HR,Analyst,04/05/18,A,user@domain.com,000-000-0000,,
 Grace ,40,"$50,000",Other,IT,Director,01/12/19,F,no-user@gmail.com,098-765-4321,,
 Jack ,35,"$50,000",Female,Sales,Assistant,01/12/19,A,no-user@gmail.com,000-000-0000,,
 Ivy ,25,"$60,000 ",Male,HR,Clerk,02/20/20,B,no-user@gmail.com,123-456-7890,,
 David ,50,"$60,260 ",Other,HR,Clerk,03/25/19,C,no-user@gmail.com, ,,
 Alice ,35,"$50,000",Female,IT,Analyst,01/12/19,C,email@example.com,000-000-0000,,
 Bob ,30,"$65,000",Female,Finance,Analyst,01/15/20,D,email@example.com,098-765-4321,,
 Alice ,37,"$70,000",Female,HR,Manager,02/20/20,B,name@company.org,123-456-7890,,
 Eve ,40,"$50,000",Other,Sales,Assistant,04/05/18,C,name@company.org,000-000-0000,,
 Eve ,25,"$65,000",Other,HR,Manager,04/05/18,D,no-user@gmail.com,555-555-5555,,
 Grace ,40,"$55,000",Male,Sales,Clerk,01/15/20,B,no-user@gmail.com, ,,
 Ivy ,30,"$65,000",Male,Marketing,Director,01/12/19,C,user@domain.com,123-456-7890,,
 Ivy ,40,"$70,000",Other,Marketing,Director,02/20/20,A,user@domain.com,000-000-0000,,
 Charlie ,25,"$65,000",Female,Sales,Analyst,01/15/20,F,email@example.com,123-456-7890,,
 Charlie ,30,"$60,000",Female,Finance,Director,01/12/19,B,name@company.org,555-555-5555,,
 Charlie ,40,"$70,000",Female,HR,Director,02/20/20,D,email@example.com,098-765-4321,,
 David ,37,"$60,260 ",Male,HR,Director,04/05/18,B,email@example.com,000-000-0000,,
 Hannah ,50,"$55,000",Female,Marketing,Clerk,02/20/20,D,name@company.org,123-456-7890,,
 Frank ,30,"$60,000 ",Male,Sales,Director,03/25/19,B,user@domain.com,123-456-7890,,
 Hannah ,50,"$60,260",Male,HR,Director,02/20/20,D,name@company.org,123-456-7890,,
 Alice ,30,"$65,000",Female,HR,Director,03/25/19,C,no-user@gmail.com,098-765-4321,,
 Hannah ,37,"$70,000",Female,Finance,Manager,02/20/20,A,no-user@gmail.com,123-456-7890,,
 David ,50,"$55,000",Other,IT,Clerk,03/25/19,C,no-user@gmail.com, ,,
 Alice ,35,"$60,000 ",Other,Marketing,Analyst,04/05/18,A,no-user@gmail.com, ,,
 Hannah ,25,"$60,260 ",Female,Marketing,Manager,01/12/19,C,user@domain.com,123-456-7890,,
 David ,35,"$60,260 ",Male,IT,Assistant,03/25/19,C,user@domain.com, ,,
 Frank ,40,"$55,000",Male,HR,Clerk,03/25/19,B,no-user@gmail.com,000-000-0000,,
 Hannah ,37,"$65,000",Male,Finance,Clerk,04/05/18,F,email@example.com, ,,
 David ,35,"$55,000",Male,Finance,Assistant,03/25/19,D,no-user@gmail.com,123-456-7890,,
 Charlie ,30,"$60,260 ",Male,Marketing,Assistant,01/15/20,D,no-user@gmail.com,555-555-5555,,
 Ivy ,40,"$50,000",Other,Finance,Assistant,04/05/18,D,email@example.com,000-000-0000,,
 Charlie ,40,"$60,000",Female,IT,Analyst,01/15/20,A,name@company.org,098-765-4321,,
 Ivy ,35,"$55,000",Other,HR,Director,04/05/18,D,name@company.org,123-456-7890,,
 Bob ,35,"$60,260 ",Male,IT,Clerk,03/25/19,D,user@domain.com,098-765-4321,,
 Bob ,37,"$65,000",Male,Sales,Director,01/15/20,B,no-user@gmail.com,555-555-5555,,
 Bob ,25,"$60,260 ",Male,Marketing,Director,03/25/19,C,user@domain.com,098-765-4321,,
 Frank ,35,"$65,000",Male,Finance,Assistant,04/05/18,D,name@company.org,123-456-7890,,
 Charlie ,35,"$55,000",Female,Sales,Analyst,03/25/19,F,email@example.com,123-456-7890,,
 Ivy ,50,"$65,000",Male,Finance,Manager,01/15/20,D,user@domain.com,555-555-5555,,
 David ,30,"$70,000",Female,HR,Analyst,01/15/20,A,no-user@gmail.com,123-456-7890,,
 Alice ,50,"$70,000",Male,HR,Director,03/25/19,A,no-user@gmail.com,555-555-5555,,
 David ,50,"$70,000",Female,HR,Analyst,02/20/20,A,email@example.com,555-555-5555,,
 Alice ,40,"$50,000",Other,Finance,Assistant,04/05/18,D,name@company.org,123-456-7890,,
 Eve ,25,"$55,000",Male,Sales,Manager,04/05/18,B,no-user@gmail.com, ,,
 David ,30,"$60,260 ",Female,HR,Assistant,03/25/19,F,no-user@gmail.com,555-555-5555,,
 Hannah ,37,"$60,260 ",Other,Sales,Manager,02/20/20,D,no-user@gmail.com,123-456-7890,,
 Hannah ,37,"$50,000",Male,Finance,Director,01/15/20,B,user@domain.com, ,,
 Grace ,35,"$65,000",Male,Sales,Manager,01/12/19,B,name@company.org,555-555-5555,,
 Charlie ,35,"$50,000",Male,Finance,Manager,01/12/19,D,user@domain.com, ,,
 Alice ,37,"$65,000",Female,Finance,Manager,03/25/19,D,name@company.org,000-000-0000,,
 Alice ,35,"$65,000",Female,Marketing,Analyst,02/20/20,B,no-user@gmail.com,000-000-0000,,
 Charlie ,25,"$60,000 ",Other,Finance,Analyst,02/20/20,B,no-user@gmail.com, ,,
 Frank ,50,"$60,260 ",Female,Finance,Director,04/05/18,B,user@domain.com,555-555-5555,,
 Grace ,35,"$70,000",Female,IT,Manager,01/15/20,D,no-user@gmail.com,123-456-7890,,
 Frank ,40,"$65,000",Male,HR,Clerk,02/20/20,B,name@company.org,098-765-4321,,
 Frank ,35,"$60,000 ",Male,Marketing,Director,01/12/19,A,user@domain.com,123-456-7890,,
 Frank ,30,"$60,260 ",Male,Marketing,Manager,01/15/20,D,user@domain.com,098-765-4321,,
 Charlie ,25,"$70,000",Male,Marketing,Manager,01/15/20,A,no-user@gmail.com,098-765-4321,,
 Frank ,30,"$65,000",Male,IT,Analyst,03/25/19,C,user@domain.com,555-555-5555,,
 Hannah ,30,"$65,000",Male,Finance,Director,02/20/20,D,no-user@gmail.com, ,,
 Bob ,40,"$50,000",Male,HR,Manager,03/25/19,C,no-user@gmail.com,123-456-7890,,
 Eve ,25,"$50,000",Other,Sales,Manager,02/20/20,B,no-user@gmail.com, ,,
 Alice ,25,"$60,260",Other,Finance,Director,04/05/18,B,name@company.org,000-000-0000,,
 Alice ,25,"$70,000",Other,IT,Clerk,03/25/19,F,no-user@gmail.com,555-555-5555,,
 Eve ,25,"$65,000",Other,Finance,Director,03/25/19,B,no-user@gmail.com,555-555-5555,,
 Charlie ,25,"$60,260 ",Male,Finance,Director,01/12/19,C,email@example.com,000-000-0000,,
 David ,40,"$60,260 ",Other,IT,Clerk,03/25/19,B,email@example.com,123-456-7890,,
 Charlie ,35,"$55,000",Male,Marketing,Director,02/20/20,D,user@domain.com,000-000-0000,,
 Alice ,30,"$50,000",Other,Marketing,Manager,01/12/19,B,user@domain.com,123-456-7890,,
 Alice ,25,"$70,000",Female,HR,Director,03/25/19,F,email@example.com,098-765-4321,,
 Eve ,35,"$65,000",Other,HR,Clerk,03/25/19,B,no-user@gmail.com,555-555-5555,,
 Frank ,35,"$60,260 ",Other,Marketing,Assistant,04/05/18,C,user@domain.com,123-456-7890,,
 Charlie ,30,"$65,000",Male,Sales,Director,03/25/19,C,no-user@gmail.com, ,,
 Ivy ,40,"$55,000",Other,Finance,Analyst,01/15/20,B,no-user@gmail.com, ,,
 Eve ,37,"$70,000",Female,Sales,Manager,01/12/19,C,no-user@gmail.com,555-555-5555,,
 Hannah ,37,"$60,260 ",Male,Finance,Manager,01/15/20,C,user@domain.com,000-000-0000,,
 Alice ,35,"$65,000",Male,Marketing,Analyst,01/12/19,F,no-user@gmail.com,000-000-0000,,
 Eve ,50,"$50,000",Other,HR,Analyst,04/05/18,D,user@domain.com,123-456-7890,,
 Charlie ,50,"$55,000",Male,HR,Director,03/25/19,F,user@domain.com,000-000-0000,,
 Alice ,30,"$70,000",Male,Sales,Analyst,03/25/19,A,no-user@gmail.com,555-555-5555,,
 David ,37,"$55,000",Male,HR,Assistant,03/25/19,F,email@example.com,123-456-7890,,
 Eve ,35,"$50,000",Male,Marketing,Clerk,01/12/19,B,no-user@gmail.com,098-765-4321,,
 Grace ,40,"$70,000",Male,Sales,Analyst,03/25/19,D,no-user@gmail.com,000-000-0000,,
 Alice ,37,"$55,000",Male,Finance,Analyst,01/15/20,B,name@company.org,000-000-0000,,
 Charlie ,35,"$60,000 ",Female,HR,Assistant,03/25/19,A,no-user@gmail.com,123-456-7890,,
 Bob ,35,"$50,000",Other,IT,Manager,04/05/18,D,user@domain.com, ,,
 Ivy ,25,"$50,000",Female,HR,Manager,01/15/20,C,user@domain.com,000-000-0000,,
 Jack ,40,"$50,000",Male,Finance,Director,03/25/19,F,no-user@gmail.com,555-555-5555,,
 Frank ,25,"$60,000",Male,Sales,Assistant,03/25/19,B,name@company.org,000-000-0000,,
 Jack ,30,"$60,000 ",Other,Finance,Clerk,02/20/20,A,no-user@gmail.com,098-765-4321,,
 Charlie ,25,"$65,000",Female,IT,Clerk,01/12/19,C,name@company.org,000-000-0000,,
 Hannah ,25,"$60,260",Other,Marketing,Assistant,01/15/20,F,name@company.org, ,,
 Hannah ,37,"$55,000",Female,HR,Clerk,02/20/20,C,no-user@gmail.com,000-000-0000,,
 Bob ,50,"$65,000",Male,Sales,Manager,04/05/18,F,user@domain.com,123-456-7890,,
 Frank ,35,"$55,000",Other,Marketing,Clerk,01/12/19,D,user@domain.com,000-000-0000,,
 Grace ,40,"$60,260",Other,Finance,Clerk,01/15/20,C,name@company.org, ,,
 Bob ,25,"$60,000 ",Male,Sales,Assistant,03/25/19,C,user@domain.com,123-456-7890,,
 Jack ,40,"$60,260 ",Other,Marketing,Assistant,01/15/20,C,email@example.com,555-555-5555,,
 Bob ,50,"$60,000",Female,Sales,Clerk,03/25/19,D,name@company.org,123-456-7890,,
 Jack ,50,"$60,260 ",Female,IT,Analyst,01/12/19,A,user@domain.com,098-765-4321,,
 Alice ,25,"$65,000",Female,IT,Assistant,03/25/19,F,email@example.com,123-456-7890,,
 Hannah ,30,"$70,000",Female,HR,Director,04/05/18,C,no-user@gmail.com,555-555-5555,,
 Alice ,25,"$65,000",Male,HR,Director,03/25/19,D,user@domain.com,000-000-0000,,
 Ivy ,37,"$55,000",Other,IT,Manager,04/05/18,A,email@example.com,123-456-7890,,
 Frank ,35,"$65,000",Female,Sales,Clerk,01/12/19,F,no-user@gmail.com,123-456-7890,,
 Grace ,30,"$50,000",Male,IT,Analyst,01/12/19,D,no-user@gmail.com,123-456-7890,,
 Jack ,25,"$55,000",Other,HR,Manager,01/15/20,F,email@example.com,123-456-7890,,
 Grace ,40,"$60,260",Other,IT,Clerk,04/05/18,C,name@company.org,555-555-5555,,
 Jack ,30,"$55,000",Male,IT,Assistant,04/05/18,A,name@company.org, ,,
 Charlie ,30,"$70,000",Male,Sales,Director,02/20/20,D,user@domain.com, ,,
 Bob ,25,"$60,000 ",Female,Marketing,Analyst,02/20/20,A,no-user@gmail.com,123-456-7890,,
 Ivy ,30,"$60,260",Other,HR,Director,02/20/20,C,name@company.org,555-555-5555,,
 Hannah ,40,"$55,000",Other,Sales,Assistant,03/25/19,A,name@company.org,555-555-5555,,
 Jack ,50,"$60,260 ",Male,IT,Clerk,02/20/20,A,no-user@gmail.com,123-456-7890,,
 Grace ,30,"$60,260 ",Other,IT,Assistant,04/05/18,B,no-user@gmail.com,098-765-4321,,
 Ivy ,50,"$60,260",Female,Marketing,Assistant,03/25/19,A,name@company.org,123-456-7890,,
 David ,40,"$60,000 ",Other,HR,Director,01/12/19,F,email@example.com,098-765-4321,,
 David ,25,"$65,000",Male,HR,Analyst,01/15/20,D,user@domain.com,123-456-7890,,
 Alice ,35,"$60,260",Male,Finance,Assistant,02/20/20,B,name@company.org,098-765-4321,,
 Hannah ,30,"$50,000",Female,HR,Director,01/12/19,D,name@company.org,098-765-4321,,
 Charlie ,35,"$70,000",Female,Marketing,Analyst,04/05/18,D,no-user@gmail.com,123-456-7890,,
 Grace ,40,"$60,000 ",Other,Finance,Clerk,01/15/20,C,email@example.com,098-765-4321,,
 Bob ,30,"$55,000",Other,Finance,Clerk,01/12/19,C,user@domain.com,000-000-0000,,
 Bob ,50,"$60,000",Male,IT,Manager,01/15/20,B,name@company.org, ,,
 Grace ,37,"$55,000",Female,IT,Director,02/20/20,C,user@domain.com,555-555-5555,,
 Frank ,35,"$60,000 ",Female,HR,Analyst,04/05/18,C,no-user@gmail.com,098-765-4321,,
 Charlie ,30,"$55,000",Female,Finance,Assistant,01/15/20,C,name@company.org,098-765-4321,,
 Ivy ,35,"$60,260",Other,IT,Clerk,01/12/19,D,name@company.org,555-555-5555,,
 Jack ,30,"$65,000",Female,Marketing,Analyst,02/20/20,B,no-user@gmail.com,098-765-4321,,
 Frank ,25,"$55,000",Male,IT,Director,02/20/20,D,no-user@gmail.com,555-555-5555,,
 Jack ,50,"$55,000",Male,IT,Manager,01/12/19,F,name@company.org,123-456-7890,,
 Jack ,35,"$50,000",Other,Finance,Clerk,01/12/19,D,user@domain.com,000-000-0000,,
 Frank ,37,"$55,000",Other,Finance,Analyst,01/15/20,F,email@example.com,000-000-0000,,
 Alice ,37,"$50,000",Female,Sales,Analyst,03/25/19,A,user@domain.com, ,,
 David ,40,"$70,000",Other,Marketing,Analyst,02/20/20,A,no-user@gmail.com,098-765-4321,,
 Jack ,30,"$60,260 ",Male,Finance,Director,01/15/20,F,email@example.com, ,,
 Frank ,35,"$50,000",Female,HR,Director,01/12/19,F,user@domain.com,123-456-7890,,
 Frank ,40,"$65,000",Male,Marketing,Director,01/15/20,D,user@domain.com,000-000-0000,,
 Eve ,35,"$60,260 ",Female,Marketing,Assistant,01/12/19,F,no-user@gmail.com,123-456-7890,,
 Alice ,30,"$50,000",Other,Finance,Analyst,04/05/18,B,no-user@gmail.com,123-456-7890,,
 Hannah ,37,"$60,260 ",Female,Marketing,Clerk,01/12/19,A,no-user@gmail.com,098-765-4321,,
 Eve ,25,"$60,260 ",Female,Finance,Director,01/12/19,A,email@example.com,123-456-7890,,
 Eve ,37,"$60,260 ",Male,IT,Director,01/12/19,F,no-user@gmail.com,000-000-0000,,
 Grace ,40,"$70,000",Male,Sales,Analyst,03/25/19,C,no-user@gmail.com, ,,
 David ,50,"$65,000",Female,IT,Director,01/12/19,C,name@company.org,000-000-0000,,
 Frank ,25,"$60,000",Other,Finance,Assistant,02/20/20,F,name@company.org,098-765-4321,,
 David ,40,"$60,000 ",Other,Finance,Assistant,02/20/20,B,email@example.com,000-000-0000,,
 Charlie ,30,"$50,000",Male,IT,Director,01/15/20,C,name@company.org,555-555-5555,,
 Grace ,25,"$60,260 ",Other,HR,Analyst,03/25/19,F,no-user@gmail.com, ,,
 Hannah ,40,"$50,000",Male,HR,Analyst,01/15/20,B,email@example.com,555-555-5555,,
 David ,30,"$70,000",Other,HR,Analyst,02/20/20,B,no-user@gmail.com,555-555-5555,,
 Bob ,37,"$70,000",Female,Finance,Manager,02/20/20,D,email@example.com,098-765-4321,,
 Jack ,50,"$55,000",Male,Marketing,Director,04/05/18,B,email@example.com,123-456-7890,,
 Charlie ,30,"$70,000",Male,Finance,Analyst,01/12/19,C,user@domain.com,555-555-5555,,
 Alice ,35,"$55,000",Female,Marketing,Assistant,02/20/20,C,user@domain.com,000-000-0000,,
 Hannah ,30,"$65,000",Male,IT,Clerk,01/15/20,F,email@example.com,123-456-7890,,
 Charlie ,30,"$50,000",Other,Sales,Clerk,01/15/20,F,name@company.org,000-000-0000,,
 Jack ,50,"$65,000",Other,Marketing,Analyst,01/12/19,B,user@domain.com,000-000-0000,,
 Grace ,35,"$70,000",Male,HR,Clerk,01/12/19,A,no-user@gmail.com,123-456-7890,,
 Jack ,40,"$65,000",Other,Finance,Clerk,04/05/18,D,no-user@gmail.com,123-456-7890,,
 Eve ,40,"$65,000",Male,IT,Manager,03/25/19,A,user@domain.com,000-000-0000,,
 Jack ,30,"$65,000",Female,HR,Assistant,01/15/20,B,email@example.com,098-765-4321,,
 Eve ,35,"$70,000",Male,IT,Assistant,01/12/19,B,name@company.org, ,,
 Grace ,35,"$60,260 ",Female,Sales,Manager,01/15/20,A,no-user@gmail.com, ,,
 Ivy ,50,"$65,000",Other,Finance,Manager,01/12/19,D,user@domain.com,098-765-4321,,
 Eve ,37,"$55,000",Female,Finance,Clerk,02/20/20,A,name@company.org,123-456-7890,,
 Alice ,40,"$70,000",Other,Sales,Director,01/15/20,F,name@company.org,000-000-0000,,
 Jack ,50,"$65,000",Male,Finance,Clerk,02/20/20,C,name@company.org, ,,
 Jack ,25,"$60,260 ",Other,Marketing,Manager,01/15/20,F,email@example.com,000-000-0000,,
 Alice ,40,"$70,000",Male,IT,Assistant,03/25/19,C,no-user@gmail.com,098-765-4321,,
 Bob ,50,"$60,000",Male,HR,Clerk,04/05/18,B,name@company.org,000-000-0000,,
 Frank ,40,"$60,260 ",Female,Sales,Director,02/20/20,D,no-user@gmail.com,098-765-4321,,
 Ivy ,37,"$55,000",Female,Marketing,Clerk,01/12/19,A,user@domain.com,123-456-7890,,
 Hannah ,25,"$65,000",Female,HR,Analyst,03/25/19,D,no-user@gmail.com,098-765-4321,,
 Eve ,37,"$60,000 ",Female,HR,Clerk,01/15/20,A,email@example.com,098-765-4321,,
 Alice ,25,"$60,000 ",Other,Sales,Manager,02/20/20,F,email@example.com, ,,
 Grace ,30,"$70,000",Other,Marketing,Assistant,01/15/20,F,no-user@gmail.com,000-000-0000,,
 Eve ,50,"$60,000 ",Other,HR,Assistant,01/15/20,A,no-user@gmail.com, ,,
 Frank ,25,"$55,000",Male,HR,Manager,01/15/20,D,email@example.com,555-555-5555,,
 Grace ,37,"$55,000",Other,Marketing,Analyst,04/05/18,A,email@example.com,098-765-4321,,
 Charlie ,40,"$50,000",Other,Finance,Manager,04/05/18,B,no-user@gmail.com,555-555-5555,,
 Jack ,25,"$55,000",Other,HR,Clerk,01/12/19,F,email@example.com, ,,
 Charlie ,50,"$60,260 ",Female,IT,Manager,02/20/20,B,no-user@gmail.com,000-000-0000,,
 Eve ,25,"$60,000 ",Other,Marketing,Manager,03/25/19,F,no-user@gmail.com, ,,
 Frank ,35,"$55,000",Male,HR,Analyst,03/25/19,F,no-user@gmail.com,000-000-0000,,
 Ivy ,40,"$70,000",Female,Sales,Clerk,03/25/19,C,user@domain.com,000-000-0000,,
 Eve ,50,"$50,000",Male,IT,Director,01/15/20,B,no-user@gmail.com,123-456-7890,,
 Alice ,50,"$60,000 ",Other,HR,Director,04/05/18,B,no-user@gmail.com,098-765-4321,,
 David ,30,"$50,000",Female,IT,Assistant,02/20/20,C,user@domain.com, ,,
 Eve ,37,"$60,000",Male,IT,Manager,01/15/20,D,name@company.org,000-000-0000,,
 Jack ,30,"$70,000",Other,Finance,Assistant,04/05/18,B,email@example.com, ,,
 Jack ,50,"$50,000",Male,IT,Analyst,04/05/18,A,no-user@gmail.com, ,,
 Eve ,40,"$65,000",Male,Finance,Director,02/20/20,C,email@example.com,000-000-0000,,
 Grace ,25,"$60,260 ",Male,Marketing,Manager,02/20/20,B,no-user@gmail.com,555-555-5555,,
 David ,25,"$60,260 ",Other,Finance,Analyst,02/20/20,D,email@example.com,098-765-4321,,
 Alice ,40,"$60,000 ",Other,Sales,Analyst,01/15/20,B,user@domain.com,098-765-4321,,
 Eve ,50,"$65,000",Male,HR,Manager,01/12/19,F,email@example.com,123-456-7890,,
 Grace ,25,"$50,000",Female,Marketing,Analyst,02/20/20,A,email@example.com,123-456-7890,,
 Jack ,25,"$65,000",Female,Marketing,Manager,01/12/19,C,email@example.com,123-456-7890,,
 Jack ,25,"$65,000",Other,Sales,Manager,01/15/20,F,name@company.org,098-765-4321,,
 Frank ,37,"$50,000",Other,Finance,Clerk,01/12/19,D,name@company.org,555-555-5555,,
 Eve ,37,"$70,000",Other,HR,Assistant,03/25/19,F,no-user@gmail.com,098-765-4321,,
 David ,35,"$65,000",Other,Finance,Analyst,01/12/19,F,user@domain.com,098-765-4321,,
 Bob ,30,"$65,000",Other,IT,Analyst,02/20/20,D,email@example.com,098-765-4321,,
 David ,40,"$70,000",Female,Finance,Clerk,01/15/20,F,email@example.com,098-765-4321,,
 Jack ,40,"$65,000",Other,Marketing,Clerk,02/20/20,C,email@example.com,555-555-5555,,
 Jack ,40,"$65,000",Male,HR,Clerk,03/25/19,B,email@example.com,123-456-7890,,
 Charlie ,35,"$65,000",Male,Finance,Director,02/20/20,F,name@company.org, ,,
 Jack ,37,"$60,260 ",Female,HR,Director,02/20/20,C,no-user@gmail.com,123-456-7890,,
 Alice ,50,"$55,000",Male,HR,Director,02/20/20,B,no-user@gmail.com,123-456-7890,,
 Hannah ,50,"$70,000",Female,IT,Manager,04/05/18,B,user@domain.com, ,,
 Eve ,35,"$65,000",Female,IT,Analyst,03/25/19,F,email@example.com,098-765-4321,,
 David ,50,"$60,260 ",Male,Marketing,Assistant,02/20/20,C,no-user@gmail.com,555-555-5555,,
 Hannah ,40,"$70,000",Other,Sales,Manager,02/20/20,F,no-user@gmail.com,555-555-5555,,
 Grace ,30,"$60,000 ",Male,HR,Analyst,02/20/20,D,no-user@gmail.com,123-456-7890,,
 Bob ,25,"$60,000",Male,Sales,Analyst,01/15/20,B,name@company.org, ,,
 Alice ,37,"$65,000",Female,Marketing,Clerk,04/05/18,F,no-user@gmail.com,000-000-0000,,
 David ,37,"$60,260 ",Male,HR,Clerk,01/15/20,B,no-user@gmail.com,098-765-4321,,
 Hannah ,35,"$60,260",Female,HR,Manager,04/05/18,C,name@company.org,123-456-7890,,
 Bob ,37,"$70,000",Other,Sales,Clerk,02/20/20,A,no-user@gmail.com,555-555-5555,,
 Charlie ,40,"$70,000",Other,Finance,Analyst,03/25/19,F,no-user@gmail.com, ,,
 Alice ,50,"$60,260 ",Other,IT,Clerk,01/12/19,F,no-user@gmail.com, ,,
 Alice ,40,"$70,000",Male,Finance,Director,01/12/19,B,name@company.org,123-456-7890,,
 Charlie ,35,"$60,260 ",Female,Sales,Clerk,02/20/20,C,email@example.com,000-000-0000,,
 Eve ,40,"$55,000",Other,IT,Analyst,01/15/20,D,user@domain.com,555-555-5555,,
 Charlie ,50,"$60,260 ",Female,Finance,Manager,03/25/19,C,no-user@gmail.com,123-456-7890,,
 Alice ,30,"$60,000",Female,IT,Assistant,04/05/18,F,name@company.org,000-000-0000,,
 Alice ,35,"$70,000",Other,HR,Clerk,02/20/20,D,no-user@gmail.com, ,,
 Hannah ,30,"$60,260",Other,Finance,Analyst,03/25/19,C,name@company.org,098-765-4321,,
 Jack ,25,"$60,260 ",Female,IT,Assistant,03/25/19,A,user@domain.com,555-555-5555,,
 Bob ,30,"$70,000",Other,IT,Assistant,04/05/18,B,user@domain.com,555-555-5555,,
 Charlie ,25,"$55,000",Female,IT,Director,03/25/19,C,email@example.com,000-000-0000,,
 Bob ,25,"$55,000",Female,Finance,Assistant,01/15/20,C,email@example.com,123-456-7890,,
 Charlie ,30,"$70,000",Other,Marketing,Analyst,01/15/20,A,user@domain.com, ,,
 Grace ,35,"$50,000",Male,Finance,Analyst,01/15/20,F,no-user@gmail.com,000-000-0000,,
 Alice ,50,"$70,000",Other,Sales,Clerk,03/25/19,B,no-user@gmail.com,098-765-4321,,
 Jack ,40,"$70,000",Male,Finance,Clerk,01/15/20,C,no-user@gmail.com,098-765-4321,,
 Hannah ,40,"$55,000",Female,IT,Clerk,04/05/18,D,email@example.com,098-765-4321,,
 Jack ,50,"$55,000",Female,HR,Assistant,03/25/19,C,no-user@gmail.com,000-000-0000,,
 Jack ,25,"$70,000",Male,Finance,Assistant,01/12/19,B,email@example.com, ,,
 Jack ,25,"$70,000",Female,Finance,Director,03/25/19,C,user@domain.com,555-555-5555,,
 Bob ,35,"$70,000",Male,IT,Clerk,04/05/18,A,no-user@gmail.com,123-456-7890,,
 Charlie ,37,"$55,000",Male,HR,Manager,01/12/19,C,no-user@gmail.com,555-555-5555,,
 Ivy ,30,"$70,000",Female,HR,Director,03/25/19,C,user@domain.com, ,,
 Grace ,25,"$70,000",Male,Sales,Manager,01/15/20,D,no-user@gmail.com,555-555-5555,,
 David ,40,"$65,000",Other,Finance,Assistant,02/20/20,A,no-user@gmail.com,000-000-0000,,
 Jack ,35,"$50,000",Other,HR,Director,02/20/20,A,name@company.org,098-765-4321,,
 Eve ,30,"$60,000 ",Female,HR,Director,01/15/20,C,email@example.com, ,,
 Bob ,35,"$50,000",Female,Marketing,Analyst,02/20/20,D,no-user@gmail.com, ,,
 Hannah ,30,"$65,000",Male,Marketing,Assistant,02/20/20,C,user@domain.com,555-555-5555,,
 David ,30,"$60,000 ",Male,HR,Assistant,01/15/20,C,no-user@gmail.com,000-000-0000,,
 Ivy ,50,"$70,000",Male,Sales,Director,01/15/20,B,no-user@gmail.com,555-555-5555,,
 Eve ,25,"$65,000",Male,HR,Assistant,03/25/19,B,email@example.com,555-555-5555,,
 Ivy ,35,"$70,000",Other,IT,Director,03/25/19,D,name@company.org, ,,
 David ,35,"$55,000",Other,Finance,Analyst,01/15/20,F,email@example.com,555-555-5555,,
 Jack ,50,"$60,260 ",Female,Sales,Director,04/05/18,B,no-user@gmail.com,098-765-4321,,
 Eve ,40,"$65,000",Male,IT,Assistant,02/20/20,F,no-user@gmail.com,555-555-5555,,
 Ivy ,40,"$55,000",Male,Sales,Assistant,03/25/19,A,no-user@gmail.com,098-765-4321,,
 Hannah ,25,"$65,000",Female,IT,Director,02/20/20,B,no-user@gmail.com, ,,
 Charlie ,25,"$65,000",Male,Finance,Director,01/12/19,B,user@domain.com,000-000-0000,,
 Alice ,37,"$55,000",Male,Finance,Director,01/15/20,D,name@company.org,098-765-4321,,
 Charlie ,50,"$60,000 ",Male,Marketing,Clerk,04/05/18,F,no-user@gmail.com,000-000-0000,,
 David ,40,"$50,000",Male,IT,Assistant,01/12/19,B,no-user@gmail.com,000-000-0000,,
 Bob ,30,"$70,000",Male,Marketing,Assistant,01/12/19,B,no-user@gmail.com,098-765-4321,,
 Alice ,35,"$65,000",Female,IT,Clerk,01/12/19,D,name@company.org, ,,
 Grace ,25,"$70,000",Male,Marketing,Director,01/15/20,D,email@example.com,123-456-7890,,
 Hannah ,35,"$60,260",Female,Finance,Analyst,03/25/19,F,name@company.org,000-000-0000,,
 Grace ,35,"$55,000",Male,Sales,Director,01/15/20,A,name@company.org,000-000-0000,,
 Eve ,37,"$70,000",Other,Marketing,Director,03/25/19,A,name@company.org, ,,
 Alice ,40,"$55,000",Other,IT,Clerk,01/12/19,C,no-user@gmail.com, ,,
 Grace ,25,"$70,000",Other,IT,Assistant,01/12/19,B,no-user@gmail.com,555-555-5555,,
 Grace ,35,"$50,000",Other,Finance,Director,04/05/18,F,user@domain.com, ,,
 Ivy ,25,"$50,000",Female,IT,Assistant,03/25/19,B,email@example.com,000-000-0000,,
 Charlie ,30,"$50,000",Female,HR,Manager,01/12/19,F,no-user@gmail.com,098-765-4321,,
 Ivy ,37,"$50,000",Male,Sales,Assistant,02/20/20,F,name@company.org,123-456-7890,,
 Alice ,30,"$50,000",Other,Marketing,Analyst,04/05/18,F,email@example.com,555-555-5555,,
 Alice ,25,"$50,000",Female,Sales,Analyst,01/15/20,B,email@example.com,098-765-4321,,
 David ,25,"$55,000",Male,Finance,Director,04/05/18,D,user@domain.com,123-456-7890,,
 Ivy ,40,"$65,000",Male,Marketing,Assistant,02/20/20,B,no-user@gmail.com,123-456-7890,,
 Frank ,35,"$70,000",Female,Marketing,Director,03/25/19,F,name@company.org,123-456-7890,,
 Charlie ,35,"$50,000",Other,HR,Clerk,01/15/20,C,no-user@gmail.com,098-765-4321,,
 Alice ,30,"$55,000",Male,Finance,Analyst,01/15/20,A,user@domain.com,555-555-5555,,
 David ,37,"$55,000",Other,IT,Director,03/25/19,F,no-user@gmail.com,555-555-5555,,
 Ivy ,50,"$55,000",Other,HR,Clerk,04/05/18,C,email@example.com,123-456-7890,,
 Charlie ,35,"$65,000",Other,HR,Director,01/12/19,D,name@company.org,098-765-4321,,
 Ivy ,40,"$70,000",Male,Sales,Assistant,04/05/18,F,no-user@gmail.com,123-456-7890,,
 Grace ,30,"$65,000",Other,Sales,Assistant,02/20/20,C,user@domain.com, ,,
 David ,30,"$60,000 ",Male,Sales,Assistant,01/12/19,F,no-user@gmail.com,555-555-5555,,
 Charlie ,50,"$55,000",Other,HR,Assistant,04/05/18,B,email@example.com,000-000-0000,,
 Jack ,40,"$60,000",Male,IT,Manager,03/25/19,C,name@company.org,123-456-7890,,
 Eve ,37,"$60,260 ",Other,Marketing,Clerk,02/20/20,B,no-user@gmail.com, ,,
 Eve ,40,"$50,000",Female,Sales,Clerk,02/20/20,B,no-user@gmail.com,555-555-5555,,
 Charlie ,37,"$50,000",Other,IT,Assistant,02/20/20,C,email@example.com,098-765-4321,,
 Ivy ,40,"$65,000",Other,Finance,Manager,01/12/19,A,no-user@gmail.com,555-555-5555,,
 David ,40,"$70,000",Male,Sales,Assistant,01/15/20,C,user@domain.com,098-765-4321,,
 Eve ,25,"$60,000 ",Male,Marketing,Manager,01/12/19,A,no-user@gmail.com,098-765-4321,,
 David ,30,"$70,000",Other,Finance,Assistant,04/05/18,F,no-user@gmail.com,123-456-7890,,
 Eve ,40,"$65,000",Female,Finance,Analyst,01/15/20,F,no-user@gmail.com,123-456-7890,,
 Grace ,50,"$50,000",Female,Marketing,Analyst,04/05/18,C,email@example.com,555-555-5555,,
 Ivy ,40,"$70,000",Male,Sales,Director,01/15/20,F,email@example.com, ,,
 Grace ,35,"$70,000",Female,HR,Assistant,01/12/19,D,user@domain.com,555-555-5555,,
 Eve ,30,"$50,000",Other,Marketing,Clerk,02/20/20,B,no-user@gmail.com,000-000-0000,,
 Jack ,35,"$60,000 ",Male,Marketing,Director,03/25/19,B,email@example.com,098-765-4321,,
 Jack ,30,"$50,000",Other,Marketing,Analyst,02/20/20,A,user@domain.com,098-765-4321,,
 Grace ,35,"$70,000",Male,Finance,Assistant,01/12/19,F,user@domain.com,123-456-7890,,
 Jack ,40,"$60,000 ",Male,IT,Director,01/15/20,A,no-user@gmail.com, ,,
 Eve ,40,"$60,000",Male,HR,Assistant,02/20/20,B,name@company.org,123-456-7890,,
 Charlie ,25,"$50,000",Male,Sales,Analyst,01/12/19,B,no-user@gmail.com,000-000-0000,,
 Grace ,50,"$70,000",Female,Sales,Director,04/05/18,F,name@company.org,555-555-5555,,
 Bob ,35,"$65,000",Other,IT,Analyst,03/25/19,D,user@domain.com,555-555-5555,,
 Ivy ,37,"$70,000",Other,Marketing,Manager,02/20/20,D,email@example.com, ,,
 Jack ,25,"$55,000",Other,HR,Analyst,01/15/20,F,no-user@gmail.com,123-456-7890,,
 Jack ,35,"$60,260 ",Male,Sales,Assistant,04/05/18,F,user@domain.com,123-456-7890,,
 Alice ,35,"$65,000",Female,Sales,Clerk,01/12/19,A,email@example.com,000-000-0000,,
 Frank ,25,"$60,000 ",Other,Marketing,Analyst,03/25/19,F,user@domain.com,555-555-5555,,
 Grace ,40,"$65,000",Female,IT,Clerk,01/15/20,D,no-user@gmail.com,123-456-7890,,
 Hannah ,35,"$60,000",Male,HR,Manager,01/12/19,F,name@company.org, ,,
 Jack ,40,"$60,000 ",Other,IT,Director,01/12/19,A,user@domain.com,555-555-5555,,
 Ivy ,25,"$65,000",Female,IT,Director,02/20/20,A,email@example.com,000-000-0000,,
 Bob ,40,"$60,000 ",Male,HR,Clerk,02/20/20,A,no-user@gmail.com, ,,
 Jack ,30,"$60,000 ",Female,HR,Director,01/15/20,A,no-user@gmail.com,098-765-4321,,
 Bob ,37,"$55,000",Other,Sales,Analyst,01/12/19,C,no-user@gmail.com,000-000-0000,,
 Eve ,35,"$70,000",Other,Sales,Clerk,02/20/20,F,name@company.org, ,,
 Eve ,50,"$70,000",Male,HR,Assistant,03/25/19,B,no-user@gmail.com,123-456-7890,,
 Frank ,37,"$60,260 ",Male,Finance,Analyst,03/25/19,F,no-user@gmail.com,098-765-4321,,
 Charlie ,40,"$60,260 ",Male,Sales,Analyst,01/12/19,C,email@example.com,000-000-0000,,
 Hannah ,35,"$55,000",Female,Finance,Analyst,02/20/20,A,user@domain.com,123-456-7890,,
 Alice ,40,"$60,260",Female,HR,Assistant,01/15/20,C,name@company.org,098-765-4321,,
 Frank ,30,"$65,000",Female,Sales,Manager,01/15/20,D,no-user@gmail.com,555-555-5555,,
 David ,25,"$50,000",Male,IT,Director,01/15/20,D,name@company.org,123-456-7890,,
 Alice ,35,"$50,000",Other,HR,Clerk,03/25/19,F,no-user@gmail.com, ,,
 Grace ,30,"$50,000",Other,Marketing,Manager,02/20/20,F,name@company.org,000-000-0000,,
 Ivy ,30,"$55,000",Female,Finance,Clerk,02/20/20,B,no-user@gmail.com,098-765-4321,,
 David ,35,"$55,000",Female,HR,Director,03/25/19,B,user@domain.com,123-456-7890,,
 David ,40,"$60,000 ",Other,HR,Assistant,01/15/20,D,user@domain.com,555-555-5555,,
 Frank ,50,"$50,000",Other,Sales,Analyst,01/15/20,A,name@company.org,000-000-0000,,
 Charlie ,30,"$65,000",Female,Sales,Analyst,01/12/19,C,email@example.com,000-000-0000,,
 Frank ,37,"$60,260",Female,Sales,Assistant,04/05/18,B,name@company.org,123-456-7890,,
 Grace ,30,"$65,000",Other,Marketing,Manager,02/20/20,B,no-user@gmail.com,555-555-5555,,
 Jack ,50,"$60,260 ",Male,Sales,Manager,02/20/20,A,user@domain.com,098-765-4321,,
 Jack ,40,"$50,000",Female,HR,Clerk,02/20/20,A,user@domain.com,123-456-7890,,
 Charlie ,40,"$50,000",Other,Sales,Assistant,04/05/18,F,user@domain.com,098-765-4321,,
 Grace ,37,"$50,000",Other,IT,Manager,01/12/19,C,email@example.com,000-000-0000,,
 Charlie ,30,"$55,000",Other,Sales,Assistant,04/05/18,A,email@example.com,098-765-4321,,
 Bob ,40,"$60,260 ",Other,Marketing,Director,01/15/20,B,no-user@gmail.com,555-555-5555,,
 Jack ,50,"$55,000",Male,IT,Analyst,01/15/20,B,name@company.org, ,,
 David ,35,"$55,000",Other,HR,Analyst,02/20/20,D,name@company.org,555-555-5555,,
 Hannah ,25,"$70,000",Female,HR,Analyst,03/25/19,A,no-user@gmail.com,098-765-4321,,
 Ivy ,25,"$65,000",Male,Finance,Assistant,02/20/20,F,user@domain.com,123-456-7890,,
 Grace ,25,"$65,000",Other,IT,Assistant,03/25/19,C,email@example.com,000-000-0000,,
 Alice ,30,"$60,000 ",Male,Finance,Clerk,04/05/18,F,no-user@gmail.com, ,,
 Charlie ,37,"$55,000",Female,IT,Analyst,01/15/20,B,no-user@gmail.com,123-456-7890,,
 Ivy ,40,"$60,260 ",Other,IT,Clerk,03/25/19,F,email@example.com,123-456-7890,,
 Alice ,35,"$70,000",Female,Marketing,Analyst,04/05/18,B,name@company.org,555-555-5555,,
 Ivy ,50,"$70,000",Other,Finance,Clerk,01/15/20,B,user@domain.com,098-765-4321,,
 Hannah ,35,"$65,000",Other,Marketing,Clerk,03/25/19,B,name@company.org,555-555-5555,,
 Alice ,50,"$55,000",Other,IT,Director,02/20/20,B,no-user@gmail.com,098-765-4321,,
 Frank ,30,"$60,000 ",Other,HR,Clerk,02/20/20,B,user@domain.com,555-555-5555,,
 Eve ,25,"$55,000",Other,IT,Assistant,02/20/20,D,no-user@gmail.com,123-456-7890,,
 Frank ,30,"$50,000",Male,Marketing,Clerk,04/05/18,F,no-user@gmail.com,000-000-0000,,
 Jack ,37,"$55,000",Other,Finance,Analyst,02/20/20,D,name@company.org,098-765-4321,,
 Eve ,37,"$50,000",Other,Finance,Clerk,01/12/19,D,name@company.org, ,,
 Frank ,50,"$50,000",Male,Marketing,Manager,01/15/20,A,name@company.org, ,,
 Eve ,40,"$60,000 ",Male,Finance,Analyst,04/05/18,A,email@example.com,123-456-7890,,
 Eve ,40,"$60,260 ",Male,Sales,Manager,02/20/20,A,no-user@gmail.com,555-555-5555,,
 David ,50,"$65,000",Male,HR,Analyst,01/15/20,C,user@domain.com,555-555-5555,,
 Charlie ,37,"$55,000",Male,HR,Assistant,03/25/19,A,name@company.org,123-456-7890,,
 Charlie ,37,"$50,000",Male,HR,Assistant,02/20/20,F,name@company.org, ,,
 David ,37,"$55,000",Other,Finance,Assistant,01/15/20,D,email@example.com, ,,
 Ivy ,30,"$60,260 ",Other,Finance,Manager,01/12/19,F,user@domain.com,555-555-5555,,
 Bob ,37,"$65,000",Female,IT,Director,03/25/19,A,no-user@gmail.com,098-765-4321,,
 Ivy ,35,"$60,260 ",Other,IT,Analyst,01/12/19,C,no-user@gmail.com,000-000-0000,,
 Alice ,25,"$65,000",Other,HR,Assistant,01/15/20,C,email@example.com,098-765-4321,,
 Alice ,37,"$70,000",Male,Sales,Analyst,01/12/19,D,no-user@gmail.com, ,,
 Eve ,50,"$65,000",Male,IT,Manager,01/15/20,F,no-user@gmail.com,098-765-4321,,
 Frank ,25,"$60,000",Other,IT,Director,01/15/20,B,name@company.org,000-000-0000,,
 Frank ,30,"$60,260",Female,Finance,Manager,01/12/19,F,name@company.org,098-765-4321,,
 Charlie ,50,"$50,000",Male,Sales,Analyst,01/15/20,A,user@domain.com,098-765-4321,,
 Grace ,25,"$70,000",Other,HR,Director,02/20/20,B,no-user@gmail.com,098-765-4321,,
 Ivy ,50,"$60,000",Other,IT,Director,01/15/20,C,name@company.org,098-765-4321,,
 Jack ,30,"$55,000",Female,Sales,Manager,04/05/18,D,name@company.org,123-456-7890,,
 Hannah ,35,"$60,260 ",Female,Sales,Assistant,01/15/20,D,user@domain.com, ,,
 Frank ,30,"$50,000",Male,HR,Analyst,04/05/18,C,no-user@gmail.com,000-000-0000,,
 Hannah ,30,"$65,000",Female,Sales,Clerk,01/15/20,A,name@company.org, ,,
 Eve ,50,"$50,000",Other,Sales,Clerk,01/15/20,C,email@example.com,123-456-7890,,
 Hannah ,40,"$55,000",Other,Sales,Manager,01/12/19,A,email@example.com,123-456-7890,,
 Jack ,37,"$70,000",Female,IT,Analyst,02/20/20,B,no-user@gmail.com,123-456-7890,,
 David ,37,"$70,000",Female,HR,Analyst,02/20/20,C,no-user@gmail.com,123-456-7890,,
 Jack ,35,"$60,260 ",Female,Sales,Manager,03/25/19,A,user@domain.com,098-765-4321,,
 Hannah ,35,"$70,000",Female,Sales,Analyst,01/12/19,B,email@example.com, ,,
 Jack ,37,"$60,260 ",Male,IT,Assistant,01/12/19,C,email@example.com,555-555-5555,,
 Bob ,40,"$60,260 ",Female,HR,Manager,02/20/20,D,no-user@gmail.com,000-000-0000,,
 Eve ,37,"$60,260 ",Male,Finance,Assistant,01/12/19,C,no-user@gmail.com,123-456-7890,,
 Ivy ,40,"$65,000",Other,IT,Analyst,02/20/20,F,no-user@gmail.com, ,,
 David ,35,"$60,000 ",Female,HR,Manager,01/12/19,C,no-user@gmail.com,123-456-7890,,
 Frank ,25,"$60,260 ",Male,Sales,Analyst,01/15/20,F,email@example.com,123-456-7890,,
 Alice ,50,"$60,260 ",Female,HR,Manager,02/20/20,B,user@domain.com,123-456-7890,,
 Ivy ,35,"$60,000 ",Other,HR,Analyst,02/20/20,C,email@example.com,123-456-7890,,
 Alice ,35,"$50,000",Other,HR,Assistant,04/05/18,B,no-user@gmail.com,123-456-7890,,
 Eve ,30,"$60,260 ",Other,Finance,Assistant,01/12/19,B,email@example.com,000-000-0000,,
 David ,30,"$65,000",Female,HR,Analyst,01/12/19,A,user@domain.com, ,,
 Charlie ,30,"$70,000",Female,Finance,Manager,02/20/20,B,name@company.org,123-456-7890,,
 Frank ,50,"$70,000",Male,Sales,Clerk,01/15/20,B,email@example.com,123-456-7890,,
 Bob ,30,"$55,000",Other,Finance,Assistant,01/15/20,C,no-user@gmail.com,123-456-7890,,
 Charlie ,40,"$55,000",Female,Sales,Assistant,01/15/20,C,name@company.org,123-456-7890,,
 Eve ,37,"$70,000",Other,Sales,Clerk,01/12/19,D,no-user@gmail.com,098-765-4321,,
 Ivy ,25,"$70,000",Other,Finance,Analyst,04/05/18,A,no-user@gmail.com,098-765-4321,,
 Bob ,35,"$65,000",Male,IT,Manager,02/20/20,B,no-user@gmail.com,555-555-5555,,
 Jack ,40,"$60,000 ",Male,Marketing,Analyst,03/25/19,A,email@example.com,123-456-7890,,
 Hannah ,25,"$55,000",Male,HR,Director,04/05/18,F,no-user@gmail.com,555-555-5555,,
 Bob ,40,"$60,000",Male,Marketing,Assistant,03/25/19,B,name@company.org,000-000-0000,,
 Eve ,40,"$65,000",Other,HR,Director,04/05/18,A,user@domain.com,555-555-5555,,
 Grace ,35,"$70,000",Male,HR,Assistant,01/15/20,D,no-user@gmail.com, ,,
 Hannah ,37,"$60,260 ",Male,Sales,Assistant,01/12/19,D,email@example.com,098-765-4321,,
 Alice ,30,"$60,000 ",Male,HR,Director,03/25/19,B,no-user@gmail.com,098-765-4321,,
 Frank ,50,"$70,000",Male,HR,Director,04/05/18,F,user@domain.com,123-456-7890,,
 Alice ,37,"$70,000",Other,Finance,Analyst,01/12/19,D,name@company.org,123-456-7890,,
 Bob ,50,"$50,000",Male,Marketing,Director,03/25/19,D,no-user@gmail.com,000-000-0000,,
 Alice ,35,"$60,000 ",Other,Finance,Analyst,02/20/20,F,no-user@gmail.com,000-000-0000,,
 Eve ,35,"$60,260 ",Female,HR,Analyst,04/05/18,A,user@domain.com, ,,
 Jack ,35,"$60,000 ",Other,Sales,Analyst,02/20/20,D,email@example.com,123-456-7890,,
 Ivy ,25,"$70,000",Other,Finance,Assistant,01/15/20,C,name@company.org,123-456-7890,,
 Frank ,50,"$60,260 ",Male,Finance,Assistant,02/20/20,D,user@domain.com,000-000-0000,,
 Alice ,37,"$65,000",Female,IT,Director,02/20/20,A,no-user@gmail.com,000-000-0000,,
 Alice ,37,"$50,000",Female,HR,Assistant,04/05/18,A,name@company.org,000-000-0000,,
 Bob ,40,"$70,000",Female,Sales,Director,01/15/20,B,no-user@gmail.com,098-765-4321,,
 Ivy ,40,"$55,000",Female,Finance,Assistant,02/20/20,C,user@domain.com,555-555-5555,,
 Charlie ,40,"$55,000",Other,Finance,Manager,01/12/19,A,no-user@gmail.com,555-555-5555,,
 Alice ,35,"$50,000",Female,Sales,Manager,03/25/19,F,no-user@gmail.com,123-456-7890,,
 Eve ,37,"$65,000",Other,HR,Director,02/20/20,C,no-user@gmail.com,098-765-4321,,
 Grace ,50,"$70,000",Other,IT,Assistant,01/15/20,C,email@example.com,000-000-0000,,
 Frank ,35,"$60,000 ",Other,Finance,Assistant,02/20/20,F,no-user@gmail.com,123-456-7890,,
 Alice ,25,"$50,000",Female,IT,Analyst,03/25/19,D,no-user@gmail.com,098-765-4321,,
 Eve ,40,"$65,000",Male,Marketing,Clerk,01/15/20,F,no-user@gmail.com, ,,
 Eve ,35,"$60,000",Male,HR,Director,04/05/18,F,name@company.org,098-765-4321,,
 Frank ,35,"$55,000",Female,Marketing,Clerk,01/15/20,D,no-user@gmail.com,123-456-7890,,
 Charlie ,25,"$55,000",Male,Marketing,Clerk,04/05/18,D,no-user@gmail.com,555-555-5555,,
 Eve ,30,"$60,000 ",Male,Marketing,Director,01/15/20,D,user@domain.com,000-000-0000,,
 Grace ,37,"$50,000",Other,HR,Assistant,03/25/19,D,email@example.com, ,,
 Eve ,50,"$55,000",Other,HR,Director,03/25/19,D,name@company.org,098-765-4321,,
 Eve ,30,"$70,000",Female,Sales,Clerk,01/15/20,F,no-user@gmail.com,123-456-7890,,
 Eve ,40,"$60,260 ",Female,IT,Assistant,02/20/20,B,user@domain.com,123-456-7890,,
 Jack ,35,"$60,000 ",Male,IT,Manager,03/25/19,B,email@example.com,000-000-0000,,
 Jack ,25,"$60,000",Other,Sales,Director,04/05/18,A,name@company.org,123-456-7890,,
 Charlie ,25,"$55,000",Female,Sales,Director,04/05/18,B,name@company.org,123-456-7890,,
 Alice ,37,"$50,000",Female,Marketing,Assistant,01/12/19,B,no-user@gmail.com,000-000-0000,,
 Eve ,30,"$70,000",Female,Sales,Manager,04/05/18,F,name@company.org, ,,
 Ivy ,37,"$50,000",Female,Finance,Manager,01/12/19,D,user@domain.com,555-555-5555,,
 Alice ,35,"$65,000",Female,IT,Assistant,01/15/20,D,name@company.org,555-555-5555,,
 Charlie ,37,"$65,000",Female,Sales,Analyst,01/15/20,F,no-user@gmail.com,098-765-4321,,
 David ,50,"$60,260 ",Male,Finance,Director,01/15/20,B,user@domain.com, ,,
 Alice ,25,"$55,000",Other,Finance,Director,02/20/20,F,email@example.com,098-765-4321,,
 Alice ,25,"$55,000",Other,Finance,Clerk,02/20/20,A,email@example.com,555-555-5555,,
 Hannah ,40,"$55,000",Female,Finance,Assistant,01/12/19,D,no-user@gmail.com,000-000-0000,,
 Bob ,40,"$60,260 ",Other,Marketing,Clerk,04/05/18,C,no-user@gmail.com,123-456-7890,,
 Hannah ,35,"$65,000",Other,Finance,Clerk,04/05/18,A,no-user@gmail.com,555-555-5555,,
 Grace ,50,"$50,000",Other,Marketing,Manager,01/15/20,A,email@example.com, ,,
 Jack ,30,"$60,260 ",Female,Marketing,Director,03/25/19,F,email@example.com,555-555-5555,,
 Jack ,37,"$60,260 ",Female,Finance,Clerk,02/20/20,B,email@example.com, ,,
 Bob ,35,"$50,000",Other,IT,Manager,02/20/20,D,email@example.com, ,,
 Frank ,40,"$55,000",Other,Finance,Assistant,01/15/20,C,name@company.org, ,,
 Frank ,37,"$70,000",Female,Finance,Clerk,02/20/20,A,user@domain.com,098-765-4321,,
 Charlie ,40,"$50,000",Male,Finance,Director,01/15/20,C,user@domain.com,000-000-0000,,
 Bob ,37,"$65,000",Other,IT,Clerk,01/12/19,B,no-user@gmail.com,555-555-5555,,
 Alice ,30,"$60,000",Male,HR,Assistant,04/05/18,B,name@company.org,000-000-0000,,
 Frank ,35,"$60,000 ",Other,HR,Clerk,03/25/19,C,email@example.com,123-456-7890,,
 Eve ,37,"$60,260 ",Male,Marketing,Director,04/05/18,D,email@example.com,555-555-5555,,
 Ivy ,50,"$60,000 ",Male,Marketing,Manager,04/05/18,B,no-user@gmail.com,000-000-0000,,
 Alice ,25,"$70,000",Male,IT,Director,01/12/19,C,no-user@gmail.com,000-000-0000,,
 Grace ,50,"$55,000",Female,Sales,Manager,02/20/20,A,no-user@gmail.com,123-456-7890,,
 Eve ,50,"$65,000",Male,HR,Analyst,03/25/19,C,email@example.com, ,,
 Eve ,25,"$70,000",Male,Marketing,Director,02/20/20,C,no-user@gmail.com,555-555-5555,,
 Bob ,50,"$65,000",Male,HR,Director,04/05/18,F,name@company.org,555-555-5555,,
 Charlie ,37,"$65,000",Other,IT,Assistant,01/15/20,B,user@domain.com,123-456-7890,,
 Grace ,37,"$55,000",Male,IT,Clerk,04/05/18,D,email@example.com, ,,
 Frank ,37,"$60,260",Other,Sales,Manager,02/20/20,D,name@company.org,555-555-5555,,
 Bob ,25,"$60,000 ",Male,Sales,Manager,04/05/18,F,email@example.com,555-555-5555,,
 Frank ,50,"$55,000",Male,IT,Assistant,01/15/20,D,no-user@gmail.com,555-555-5555,,
 Bob ,25,"$70,000",Female,Marketing,Assistant,01/12/19,C,no-user@gmail.com, ,,
 Bob ,37,"$60,260 ",Other,HR,Clerk,02/20/20,F,no-user@gmail.com,123-456-7890,,
 Bob ,50,"$70,000",Male,Finance,Clerk,04/05/18,A,user@domain.com,555-555-5555,,
 Charlie ,50,"$60,260 ",Other,Sales,Director,02/20/20,B,no-user@gmail.com,000-000-0000,,
 Bob ,40,"$70,000",Other,Finance,Analyst,01/12/19,B,email@example.com, ,,
 David ,40,"$55,000",Female,Marketing,Clerk,04/05/18,B,no-user@gmail.com,098-765-4321,,
 Ivy ,30,"$60,260 ",Female,Sales,Assistant,04/05/18,C,email@example.com,123-456-7890,,
 Frank ,35,"$60,260 ",Female,Finance,Clerk,02/20/20,A,user@domain.com,000-000-0000,,
 Alice ,40,"$65,000",Female,Marketing,Manager,02/20/20,F,no-user@gmail.com,555-555-5555,,
 Hannah ,25,"$65,000",Female,HR,Analyst,01/15/20,F,no-user@gmail.com,098-765-4321,,
 Grace ,40,"$50,000",Female,Marketing,Director,01/12/19,B,no-user@gmail.com,123-456-7890,,
 Jack ,30,"$70,000",Female,Sales,Manager,01/15/20,A,no-user@gmail.com, ,,
 Charlie ,50,"$65,000",Female,IT,Manager,04/05/18,A,no-user@gmail.com,098-765-4321,,
 Alice ,30,"$50,000",Male,HR,Analyst,02/20/20,A,no-user@gmail.com,098-765-4321,,
 Eve ,50,"$65,000",Other,Finance,Director,04/05/18,D,no-user@gmail.com,000-000-0000,,
 David ,50,"$70,000",Female,Sales,Assistant,04/05/18,D,email@example.com,123-456-7890,,
 Jack ,35,"$60,260 ",Female,IT,Director,03/25/19,B,user@domain.com,000-000-0000,,
 Hannah ,40,"$60,000 ",Other,Marketing,Clerk,03/25/19,A,no-user@gmail.com,000-000-0000,,
 Alice ,25,"$70,000",Male,IT,Manager,04/05/18,A,email@example.com,555-555-5555,,
 Jack ,25,"$55,000",Other,Sales,Clerk,02/20/20,F,no-user@gmail.com, ,,
 Alice ,37,"$65,000",Other,Sales,Assistant,04/05/18,F,email@example.com,098-765-4321,,
 David ,50,"$65,000",Female,IT,Clerk,03/25/19,B,no-user@gmail.com,123-456-7890,,
 Hannah ,25,"$60,260 ",Other,Marketing,Director,02/20/20,A,no-user@gmail.com, ,,
 Eve ,35,"$55,000",Other,IT,Clerk,04/05/18,B,no-user@gmail.com, ,,
 Bob ,50,"$60,260 ",Female,Sales,Assistant,01/12/19,F,no-user@gmail.com,123-456-7890,,
 Frank ,35,"$55,000",Female,Sales,Assistant,01/12/19,F,name@company.org, ,,
 Eve ,25,"$60,000 ",Female,Finance,Assistant,04/05/18,D,email@example.com,555-555-5555,,
 Bob ,25,"$65,000",Female,Finance,Director,02/20/20,B,name@company.org, ,,
 Charlie ,37,"$65,000",Other,HR,Assistant,04/05/18,B,email@example.com,555-555-5555,,
 Ivy ,25,"$60,000 ",Other,Sales,Manager,04/05/18,A,user@domain.com,098-765-4321,,
 Grace ,50,"$50,000",Male,Finance,Assistant,03/25/19,A,no-user@gmail.com,098-765-4321,,
 Grace ,50,"$60,260 ",Male,IT,Clerk,01/12/19,D,user@domain.com,000-000-0000,,
 Frank ,50,"$60,000 ",Other,Marketing,Clerk,03/25/19,C,user@domain.com,555-555-5555,,
 Hannah ,37,"$60,260 ",Male,IT,Clerk,03/25/19,C,email@example.com,098-765-4321,,
 David ,37,"$70,000",Other,Marketing,Director,04/05/18,C,name@company.org, ,,
 Hannah ,25,"$65,000",Male,Finance,Clerk,03/25/19,B,no-user@gmail.com,123-456-7890,,
 David ,30,"$60,260 ",Female,HR,Director,01/12/19,B,email@example.com,123-456-7890,,
 Hannah ,30,"$55,000",Male,IT,Director,03/25/19,F,no-user@gmail.com,555-555-5555,,
 Ivy ,37,"$60,260 ",Female,IT,Assistant,01/12/19,B,user@domain.com,000-000-0000,,
 Charlie ,25,"$70,000",Female,IT,Manager,03/25/19,B,no-user@gmail.com, ,,
 Charlie ,30,"$65,000",Female,Marketing,Assistant,01/12/19,B,name@company.org,555-555-5555,,
 Bob ,25,"$60,000 ",Female,Finance,Assistant,03/25/19,D,email@example.com,123-456-7890,,
 Jack ,25,"$70,000",Male,IT,Director,03/25/19,B,name@company.org,555-555-5555,,
 Charlie ,25,"$65,000",Other,IT,Director,02/20/20,A,name@company.org, ,,
 Charlie ,40,"$60,260 ",Female,HR,Clerk,01/12/19,A,email@example.com,098-765-4321,,
 Eve ,50,"$50,000",Male,HR,Clerk,01/12/19,F,name@company.org, ,,
 Eve ,25,"$50,000",Female,Finance,Assistant,01/12/19,D,no-user@gmail.com,098-765-4321,,
 Bob ,40,"$55,000",Male,Finance,Analyst,01/15/20,A,no-user@gmail.com,098-765-4321,,
 Jack ,37,"$65,000",Male,Sales,Analyst,03/25/19,D,no-user@gmail.com,098-765-4321,,
 Frank ,30,"$50,000",Male,HR,Clerk,01/12/19,D,no-user@gmail.com,555-555-5555,,
 Eve ,50,"$60,000",Other,Sales,Analyst,01/15/20,F,name@company.org,123-456-7890,,
 Frank ,30,"$65,000",Male,Marketing,Clerk,02/20/20,D,email@example.com,555-555-5555,,
 Alice ,50,"$60,000 ",Male,Sales,Director,01/12/19,B,email@example.com,123-456-7890,,
 Eve ,30,"$60,000 ",Other,IT,Assistant,01/12/19,D,no-user@gmail.com, ,,
 Ivy ,50,"$50,000",Other,Sales,Manager,01/15/20,F,email@example.com,000-000-0000,,
 Jack ,30,"$65,000",Male,Finance,Assistant,03/25/19,F,no-user@gmail.com, ,,
 Bob ,30,"$60,260",Other,Marketing,Clerk,02/20/20,F,name@company.org,555-555-5555,,
 Alice ,30,"$70,000",Female,IT,Clerk,01/12/19,A,email@example.com,555-555-5555,,
 Jack ,30,"$50,000",Female,Sales,Assistant,03/25/19,B,email@example.com,123-456-7890,,
 Ivy ,37,"$50,000",Other,Marketing,Clerk,02/20/20,A,user@domain.com,555-555-5555,,
 Jack ,25,"$60,260 ",Other,Marketing,Analyst,04/05/18,C,user@domain.com,098-765-4321,,
 Ivy ,35,"$65,000",Male,IT,Analyst,04/05/18,B,user@domain.com,555-555-5555,,
 Ivy ,40,"$65,000",Other,Sales,Clerk,02/20/20,D,name@company.org,123-456-7890,,
 Frank ,35,"$60,000 ",Male,Marketing,Clerk,01/15/20,F,no-user@gmail.com,123-456-7890,,
 Hannah ,35,"$60,260 ",Female,Marketing,Analyst,02/20/20,C,no-user@gmail.com,098-765-4321,,
 Alice ,50,"$60,260 ",Other,HR,Clerk,02/20/20,B,no-user@gmail.com,123-456-7890,,
 Jack ,25,"$65,000",Male,Marketing,Clerk,01/15/20,A,name@company.org,000-000-0000,,
 David ,50,"$60,000",Male,HR,Assistant,01/15/20,F,name@company.org, ,,
 Alice ,25,"$50,000",Female,Sales,Manager,03/25/19,A,user@domain.com,555-555-5555,,
 Hannah ,25,"$55,000",Other,Sales,Analyst,03/25/19,B,email@example.com,000-000-0000,,
 Alice ,30,"$70,000",Female,Sales,Assistant,01/15/20,B,no-user@gmail.com,555-555-5555,,
 Charlie ,37,"$50,000",Male,Finance,Manager,04/05/18,C,no-user@gmail.com,000-000-0000,,
 David ,30,"$65,000",Male,Sales,Clerk,04/05/18,D,email@example.com,555-555-5555,,
 Hannah ,37,"$70,000",Other,Marketing,Clerk,02/20/20,A,user@domain.com,098-765-4321,,
 Frank ,50,"$55,000",Male,IT,Assistant,01/12/19,C,email@example.com,123-456-7890,,
 Jack ,37,"$55,000",Other,HR,Clerk,02/20/20,F,email@example.com,123-456-7890,,
 Grace ,50,"$60,000 ",Female,Finance,Director,02/20/20,D,no-user@gmail.com,098-765-4321,,
 Hannah ,35,"$70,000",Other,Sales,Assistant,01/12/19,C,user@domain.com,000-000-0000,,
 Bob ,35,"$60,000",Other,Sales,Manager,01/15/20,A,name@company.org, ,,
 Jack ,37,"$50,000",Male,IT,Assistant,04/05/18,B,no-user@gmail.com,000-000-0000,,
 Hannah ,37,"$60,260",Male,IT,Analyst,02/20/20,F,name@company.org,123-456-7890,,
 Charlie ,50,"$60,260 ",Other,Finance,Assistant,01/12/19,A,user@domain.com, ,,
 Grace ,30,"$60,260 ",Male,HR,Clerk,03/25/19,D,email@example.com,555-555-5555,,
 Charlie ,50,"$70,000",Male,Sales,Clerk,02/20/20,D,no-user@gmail.com, ,,
 Grace ,30,"$60,260 ",Male,Finance,Director,04/05/18,B,no-user@gmail.com,000-000-0000,,
 Bob ,35,"$50,000",Other,Marketing,Director,01/15/20,B,user@domain.com,098-765-4321,,
 Jack ,25,"$60,000 ",Male,Marketing,Director,02/20/20,F,no-user@gmail.com,555-555-5555,,
 Frank ,37,"$70,000",Other,Finance,Manager,02/20/20,F,name@company.org,000-000-0000,,
 Charlie ,30,"$60,000 ",Male,Sales,Director,01/12/19,B,no-user@gmail.com,555-555-5555,,
 Charlie ,50,"$70,000",Female,Finance,Manager,03/25/19,B,user@domain.com, ,,
 Ivy ,35,"$60,000 ",Male,Sales,Director,03/25/19,D,user@domain.com,123-456-7890,,
 Grace ,30,"$55,000",Male,IT,Manager,01/15/20,B,name@company.org,000-000-0000,,
 Eve ,50,"$60,000 ",Other,Finance,Assistant,04/05/18,C,no-user@gmail.com,098-765-4321,,
 Jack ,37,"$60,260 ",Other,Sales,Assistant,01/15/20,A,no-user@gmail.com, ,,
 Grace ,37,"$55,000",Male,Finance,Clerk,02/20/20,B,email@example.com,000-000-0000,,
 Ivy ,40,"$60,000 ",Female,Finance,Manager,02/20/20,F,no-user@gmail.com,098-765-4321,,
 Alice ,25,"$70,000",Male,Sales,Analyst,03/25/19,C,user@domain.com,000-000-0000,,
 Grace ,40,"$70,000",Male,Sales,Clerk,04/05/18,F,email@example.com, ,,
 Frank ,35,"$70,000",Female,HR,Assistant,01/12/19,C,user@domain.com,000-000-0000,,
 Jack ,30,"$65,000",Other,Finance,Manager,04/05/18,B,email@example.com,555-555-5555,,
 Ivy ,35,"$50,000",Male,Marketing,Director,02/20/20,A,no-user@gmail.com, ,,
 Alice ,50,"$70,000",Other,Finance,Analyst,01/12/19,F,email@example.com,000-000-0000,,
 David ,37,"$55,000",Other,Finance,Assistant,04/05/18,C,user@domain.com,123-456-7890,,
 Ivy ,40,"$70,000",Female,Sales,Clerk,04/05/18,D,no-user@gmail.com,000-000-0000,,
 David ,40,"$65,000",Female,Finance,Manager,01/12/19,B,user@domain.com,555-555-5555,,
 Jack ,40,"$60,260",Other,Finance,Analyst,02/20/20,A,name@company.org,098-765-4321,,
 Charlie ,35,"$55,000",Male,Marketing,Manager,04/05/18,B,name@company.org,098-765-4321,,
 Ivy ,37,"$65,000",Other,Sales,Director,01/12/19,D,name@company.org,098-765-4321,,
 Bob ,30,"$60,260",Male,Finance,Clerk,02/20/20,A,name@company.org,123-456-7890,,
 David ,50,"$55,000",Male,IT,Manager,01/12/19,D,no-user@gmail.com,555-555-5555,,
 Frank ,30,"$60,000 ",Female,HR,Assistant,01/12/19,B,no-user@gmail.com, ,,
 Bob ,35,"$50,000",Male,Marketing,Clerk,04/05/18,C,no-user@gmail.com,098-765-4321,,
 Hannah ,50,"$50,000",Male,Finance,Assistant,02/20/20,B,user@domain.com,555-555-5555,,
 Hannah ,40,"$65,000",Other,IT,Manager,04/05/18,B,email@example.com,000-000-0000,,
 Alice ,25,"$60,260 ",Female,Finance,Clerk,01/15/20,B,user@domain.com,123-456-7890,,
 Charlie ,35,"$50,000",Male,Finance,Assistant,01/15/20,F,user@domain.com,555-555-5555,,
 Jack ,35,"$60,260 ",Male,Sales,Director,02/20/20,D,user@domain.com,555-555-5555,,
 Ivy ,37,"$60,260 ",Female,Sales,Director,01/12/19,D,user@domain.com, ,,
 Eve ,30,"$65,000",Other,Sales,Manager,04/05/18,D,no-user@gmail.com,555-555-5555,,
 Frank ,35,"$65,000",Female,IT,Clerk,04/05/18,F,email@example.com, ,,
 David ,35,"$65,000",Female,Finance,Analyst,02/20/20,C,user@domain.com,123-456-7890,,
 Jack ,40,"$50,000",Male,HR,Clerk,02/20/20,B,no-user@gmail.com,123-456-7890,,
 Bob ,40,"$65,000",Male,Marketing,Director,01/15/20,C,user@domain.com,000-000-0000,,
 Hannah ,50,"$50,000",Other,Sales,Assistant,03/25/19,F,name@company.org, ,,
 Frank ,25,"$65,000",Male,Sales,Analyst,02/20/20,D,user@domain.com, ,,
 Eve ,37,"$70,000",Male,Finance,Manager,03/25/19,B,user@domain.com,098-765-4321,,
 Ivy ,25,"$60,260 ",Female,Finance,Analyst,02/20/20,A,no-user@gmail.com,098-765-4321,,
 Alice ,50,"$65,000",Male,IT,Manager,01/12/19,A,name@company.org,000-000-0000,,
 Eve ,40,"$55,000",Other,IT,Analyst,01/12/19,C,email@example.com,123-456-7890,,
 Frank ,30,"$60,260 ",Female,Sales,Manager,01/15/20,D,user@domain.com,098-765-4321,,
 Eve ,40,"$60,260 ",Other,Finance,Manager,01/15/20,A,email@example.com,555-555-5555,,
 Frank ,37,"$65,000",Female,HR,Analyst,03/25/19,C,name@company.org,123-456-7890,,
 Frank ,40,"$60,000 ",Male,Marketing,Analyst,02/20/20,F,user@domain.com,555-555-5555,,
 Grace ,37,"$65,000",Female,Finance,Manager,04/05/18,C,no-user@gmail.com, ,,
 David ,37,"$60,260 ",Female,Finance,Director,01/15/20,C,no-user@gmail.com,123-456-7890,,
 Hannah ,37,"$55,000",Male,IT,Analyst,04/05/18,C,no-user@gmail.com,000-000-0000,,
 Grace ,50,"$60,260 ",Male,Marketing,Clerk,04/05/18,B,no-user@gmail.com, ,,
 Ivy ,37,"$55,000",Other,Sales,Assistant,02/20/20,C,no-user@gmail.com, ,,
 Grace ,37,"$50,000",Other,Finance,Manager,03/25/19,C,no-user@gmail.com,555-555-5555,,
 Charlie ,30,"$70,000",Male,Sales,Manager,02/20/20,B,no-user@gmail.com, ,,
 Charlie ,25,"$60,260 ",Male,Finance,Assistant,01/15/20,B,user@domain.com,098-765-4321,,
 Hannah ,35,"$65,000",Male,Sales,Director,04/05/18,F,email@example.com,123-456-7890,,
 Eve ,25,"$50,000",Female,Marketing,Assistant,02/20/20,D,email@example.com,098-765-4321,,
 David ,37,"$70,000",Female,IT,Analyst,02/20/20,A,no-user@gmail.com,555-555-5555,,
 Hannah ,30,"$65,000",Female,Marketing,Assistant,02/20/20,A,no-user@gmail.com,555-555-5555,,
 Frank ,40,"$60,000",Male,HR,Manager,01/15/20,C,name@company.org,123-456-7890,,
 Bob ,30,"$65,000",Other,IT,Assistant,03/25/19,F,no-user@gmail.com, ,,
 David ,37,"$55,000",Male,Marketing,Clerk,02/20/20,C,no-user@gmail.com,000-000-0000,,
 David ,30,"$55,000",Female,HR,Analyst,01/15/20,A,no-user@gmail.com,555-555-5555,,
 Frank ,30,"$60,000 ",Female,Finance,Assistant,04/05/18,B,user@domain.com,123-456-7890,,
 Frank ,37,"$50,000",Male,Finance,Manager,01/12/19,D,user@domain.com,000-000-0000,,
 Alice ,50,"$70,000",Male,Sales,Analyst,01/15/20,F,email@example.com, ,,
 Hannah ,30,"$65,000",Female,IT,Manager,01/12/19,B,email@example.com,555-555-5555,,
 Frank ,35,"$55,000",Female,Finance,Director,02/20/20,D,name@company.org,123-456-7890,,
 Charlie ,35,"$50,000",Female,IT,Clerk,02/20/20,F,name@company.org,123-456-7890,,
 Ivy ,30,"$60,000",Male,Finance,Director,01/15/20,F,name@company.org,123-456-7890,,
 Bob ,50,"$60,260",Female,Sales,Clerk,01/12/19,A,name@company.org,555-555-5555,,
 Hannah ,40,"$55,000",Female,Marketing,Assistant,02/20/20,B,no-user@gmail.com,000-000-0000,,
 Jack ,37,"$60,000 ",Other,Sales,Analyst,04/05/18,F,no-user@gmail.com,123-456-7890,,
 Charlie ,35,"$65,000",Male,HR,Assistant,03/25/19,F,email@example.com, ,,
 Eve ,40,"$70,000",Other,Finance,Clerk,03/25/19,D,user@domain.com,123-456-7890,,
 Frank ,30,"$55,000",Other,HR,Clerk,02/20/20,A,user@domain.com,000-000-0000,,
 Jack ,40,"$55,000",Female,HR,Clerk,01/12/19,C,no-user@gmail.com,555-555-5555,,
 Frank ,25,"$65,000",Male,IT,Manager,02/20/20,A,no-user@gmail.com,123-456-7890,,
 David ,35,"$60,260",Female,Finance,Analyst,01/12/19,C,name@company.org,123-456-7890,,
 Charlie ,30,"$50,000",Male,HR,Assistant,04/05/18,B,name@company.org, ,,
 David ,37,"$70,000",Other,Marketing,Assistant,01/12/19,B,no-user@gmail.com, ,,
 Alice ,50,"$55,000",Male,HR,Director,02/20/20,F,user@domain.com,123-456-7890,,
 David ,30,"$70,000",Female,Marketing,Clerk,04/05/18,B,name@company.org,123-456-7890,,
 Alice ,37,"$55,000",Female,IT,Clerk,01/15/20,F,user@domain.com, ,,
 Alice ,50,"$70,000",Female,HR,Clerk,03/25/19,A,no-user@gmail.com,000-000-0000,,
 Jack ,50,"$60,000 ",Male,Sales,Assistant,02/20/20,B,user@domain.com,098-765-4321,,
 Frank ,30,"$55,000",Other,IT,Director,02/20/20,A,user@domain.com,098-765-4321,,
 Eve ,40,"$70,000",Other,Marketing,Manager,02/20/20,A,user@domain.com,123-456-7890,,
 David ,40,"$50,000",Male,IT,Analyst,04/05/18,B,name@company.org, ,,
 Charlie ,50,"$60,000 ",Female,HR,Manager,01/15/20,A,email@example.com,555-555-5555,,
 Alice ,40,"$60,000 ",Other,Finance,Assistant,01/12/19,B,no-user@gmail.com,555-555-5555,,
 Frank ,25,"$50,000",Female,Finance,Clerk,01/15/20,B,user@domain.com,098-765-4321,,
 Bob ,50,"$70,000",Male,Marketing,Analyst,04/05/18,B,user@domain.com,000-000-0000,,
 Hannah ,50,"$65,000",Female,Marketing,Assistant,02/20/20,C,user@domain.com,098-765-4321,,
 Jack ,37,"$50,000",Other,Finance,Assistant,03/25/19,A,email@example.com,123-456-7890,,
 Eve ,40,"$70,000",Other,Marketing,Assistant,02/20/20,D,no-user@gmail.com,000-000-0000,,
 Grace ,50,"$50,000",Female,IT,Analyst,01/12/19,B,name@company.org,555-555-5555,,
 Jack ,25,"$50,000",Male,Sales,Analyst,03/25/19,A,email@example.com, ,,
 Bob ,37,"$55,000",Female,Sales,Director,02/20/20,F,user@domain.com, ,,
 Hannah ,30,"$70,000",Male,IT,Director,03/25/19,B,email@example.com,123-456-7890,,
 Bob ,50,"$65,000",Female,Sales,Manager,01/15/20,B,email@example.com,098-765-4321,,
 David ,25,"$55,000",Other,HR,Analyst,04/05/18,D,email@example.com,123-456-7890,,
 Alice ,35,"$50,000",Male,IT,Analyst,02/20/20,C,no-user@gmail.com, ,,
 Eve ,25,"$60,260 ",Male,Marketing,Analyst,01/12/19,C,no-user@gmail.com,555-555-5555,,
 Ivy ,25,"$50,000",Male,IT,Director,01/15/20,B,name@company.org, ,,
 Alice ,37,"$50,000",Other,Finance,Assistant,02/20/20,A,no-user@gmail.com,000-000-0000,,
 Ivy ,30,"$70,000",Female,Marketing,Clerk,01/15/20,F,no-user@gmail.com, ,,
 Hannah ,35,"$70,000",Other,Finance,Director,01/12/19,F,no-user@gmail.com, ,,
 Frank ,40,"$55,000",Male,Marketing,Analyst,02/20/20,A,no-user@gmail.com,000-000-0000,,
 Grace ,40,"$65,000",Female,Sales,Director,01/12/19,B,email@example.com,098-765-4321,,
 Charlie ,25,"$55,000",Other,IT,Manager,03/25/19,F,email@example.com, ,,
 Alice ,37,"$60,000 ",Male,HR,Analyst,01/12/19,C,user@domain.com,123-456-7890,,
 Eve ,37,"$50,000",Male,Marketing,Manager,03/25/19,A,no-user@gmail.com, ,,
 Bob ,40,"$60,260 ",Other,Marketing,Analyst,02/20/20,D,user@domain.com,123-456-7890,,
 Eve ,35,"$50,000",Other,Finance,Director,03/25/19,B,name@company.org,000-000-0000,,
 Hannah ,30,"$50,000",Other,Sales,Assistant,02/20/20,A,email@example.com, ,,
 Ivy ,35,"$55,000",Male,Finance,Clerk,02/20/20,F,name@company.org,000-000-0000,,
 Bob ,50,"$60,260 ",Other,Finance,Manager,04/05/18,B,no-user@gmail.com,000-000-0000,,
 Charlie ,50,"$60,260 ",Male,Sales,Director,02/20/20,C,email@example.com,098-765-4321,,
 Charlie ,30,"$60,260",Other,HR,Assistant,03/25/19,B,name@company.org, ,,
 Alice ,40,"$55,000",Male,Finance,Director,04/05/18,B,no-user@gmail.com,123-456-7890,,
 Hannah ,30,"$50,000",Male,Finance,Manager,04/05/18,C,name@company.org,123-456-7890,,
 Frank ,37,"$55,000",Female,Marketing,Clerk,02/20/20,C,no-user@gmail.com, ,,
 Hannah ,50,"$70,000",Other,Sales,Director,01/12/19,B,no-user@gmail.com,098-765-4321,,
 Ivy ,25,"$70,000",Other,IT,Analyst,01/12/19,C,email@example.com,098-765-4321,,
 Eve ,25,"$55,000",Male,HR,Assistant,04/05/18,A,user@domain.com,098-765-4321,,
 Charlie ,40,"$60,260 ",Male,HR,Director,02/20/20,C,no-user@gmail.com,123-456-7890,,
 Eve ,37,"$50,000",Male,Sales,Assistant,01/12/19,C,no-user@gmail.com,000-000-0000,,
 Eve ,35,"$55,000",Female,Marketing,Analyst,02/20/20,B,email@example.com,098-765-4321,,
 Eve ,37,"$55,000",Female,Marketing,Clerk,02/20/20,A,user@domain.com,123-456-7890,,
 Charlie ,25,"$55,000",Male,Sales,Clerk,04/05/18,D,no-user@gmail.com,123-456-7890,,
 Jack ,25,"$60,000 ",Other,Marketing,Analyst,04/05/18,D,no-user@gmail.com,000-000-0000,,
 David ,50,"$70,000",Other,HR,Assistant,01/15/20,F,user@domain.com, ,,
 Ivy ,37,"$60,260",Female,HR,Director,01/12/19,C,name@company.org, ,,
 Jack ,37,"$65,000",Female,IT,Analyst,01/12/19,C,email@example.com,098-765-4321,,
 Ivy ,25,"$60,260 ",Male,Sales,Manager,01/12/19,A,user@domain.com,098-765-4321,,
 Bob ,35,"$65,000",Other,Finance,Assistant,03/25/19,D,no-user@gmail.com,000-000-0000,,
 Hannah ,40,"$60,000 ",Male,Finance,Clerk,02/20/20,F,no-user@gmail.com,098-765-4321,,
 Hannah ,40,"$55,000",Female,IT,Analyst,04/05/18,A,no-user@gmail.com,000-000-0000,,
 Grace ,37,"$60,000 ",Other,IT,Clerk,01/12/19,C,no-user@gmail.com,123-456-7890,,
 Hannah ,40,"$60,000 ",Other,Marketing,Assistant,01/15/20,D,email@example.com,098-765-4321,,
 Charlie ,25,"$50,000",Female,IT,Clerk,01/12/19,F,no-user@gmail.com,123-456-7890,,
 Frank ,25,"$70,000",Male,IT,Analyst,02/20/20,B,user@domain.com,555-555-5555,,
 Alice ,37,"$65,000",Male,Finance,Assistant,02/20/20,D,no-user@gmail.com,000-000-0000,,
 Grace ,37,"$55,000",Other,Marketing,Manager,04/05/18,F,name@company.org,555-555-5555,,
 Alice ,50,"$65,000",Female,IT,Analyst,03/25/19,A,user@domain.com,098-765-4321,,
 Ivy ,37,"$60,260 ",Other,IT,Director,04/05/18,B,email@example.com,123-456-7890,,
 Alice ,35,"$65,000",Female,Marketing,Analyst,01/12/19,F,user@domain.com,098-765-4321,,
 Alice ,40,"$60,260",Male,Sales,Assistant,01/15/20,F,name@company.org,555-555-5555,,
 Grace ,37,"$70,000",Female,Marketing,Analyst,04/05/18,C,email@example.com,098-765-4321,,
 Bob ,30,"$60,260 ",Male,Finance,Manager,03/25/19,D,no-user@gmail.com, ,,
 Eve ,50,"$65,000",Female,Sales,Manager,04/05/18,C,name@company.org,555-555-5555,,
 Hannah ,30,"$65,000",Other,HR,Director,02/20/20,B,email@example.com,098-765-4321,,
 Hannah ,25,"$60,260 ",Male,Marketing,Clerk,01/12/19,F,no-user@gmail.com,123-456-7890,,
 Charlie ,40,"$60,000 ",Other,Finance,Assistant,01/12/19,C,user@domain.com,098-765-4321,,
 Grace ,37,"$70,000",Other,Sales,Assistant,01/12/19,D,email@example.com,123-456-7890,,
 Charlie ,30,"$50,000",Male,Marketing,Clerk,01/12/19,B,user@domain.com, ,,
 Frank ,40,"$55,000",Male,IT,Manager,01/12/19,A,no-user@gmail.com,098-765-4321,,
 Frank ,25,"$65,000",Other,Marketing,Manager,01/12/19,C,email@example.com, ,,
 Charlie ,35,"$55,000",Other,HR,Analyst,01/15/20,B,no-user@gmail.com,555-555-5555,,
 Grace ,50,"$50,000",Other,Marketing,Director,03/25/19,A,name@company.org,123-456-7890,,
 Charlie ,40,"$55,000",Other,Sales,Director,01/12/19,C,email@example.com,555-555-5555,,
 Hannah ,40,"$50,000",Male,Sales,Director,03/25/19,B,no-user@gmail.com,123-456-7890,,
 Jack ,35,"$60,260 ",Male,Marketing,Analyst,01/12/19,B,email@example.com, ,,
 David ,40,"$60,000 ",Other,Sales,Director,04/05/18,C,user@domain.com,000-000-0000,,
 Alice ,25,"$65,000",Female,IT,Clerk,01/12/19,B,email@example.com,098-765-4321,,
 David ,25,"$50,000",Female,Marketing,Analyst,02/20/20,F,no-user@gmail.com, ,,
 Grace ,35,"$55,000",Male,IT,Clerk,01/15/20,C,email@example.com,123-456-7890,,
 David ,50,"$65,000",Other,IT,Analyst,04/05/18,B,name@company.org,123-456-7890,,
 Frank ,37,"$60,000 ",Other,Finance,Director,04/05/18,A,email@example.com,123-456-7890,,
 Ivy ,30,"$60,260 ",Male,Marketing,Clerk,02/20/20,A,user@domain.com,123-456-7890,,
 Alice ,37,"$65,000",Female,Sales,Clerk,01/12/19,F,email@example.com,098-765-4321,,
 Eve ,40,"$50,000",Female,IT,Clerk,01/15/20,C,no-user@gmail.com,555-555-5555,,
 Grace ,30,"$60,000 ",Female,Finance,Analyst,04/05/18,B,no-user@gmail.com,000-000-0000,,
 Alice ,35,"$55,000",Male,Marketing,Assistant,01/15/20,B,email@example.com,098-765-4321,,
 David ,35,"$60,000 ",Female,Marketing,Director,04/05/18,A,email@example.com,123-456-7890,,
 Frank ,50,"$60,000",Male,HR,Clerk,01/12/19,F,name@company.org,098-765-4321,,
 Bob ,30,"$70,000",Male,HR,Assistant,04/05/18,A,no-user@gmail.com, ,,
 Jack ,25,"$60,000 ",Other,IT,Director,04/05/18,A,no-user@gmail.com,123-456-7890,,
 Eve ,30,"$60,000 ",Female,HR,Director,03/25/19,F,user@domain.com,000-000-0000,,
 Jack ,40,"$65,000",Male,IT,Clerk,01/12/19,C,email@example.com,123-456-7890,,
 Alice ,25,"$55,000",Female,Sales,Clerk,02/20/20,B,no-user@gmail.com,000-000-0000,,
 Frank ,35,"$65,000",Female,IT,Analyst,02/20/20,C,user@domain.com,000-000-0000,,
 Frank ,30,"$65,000",Other,HR,Assistant,01/12/19,D,no-user@gmail.com,555-555-5555,,
 David ,37,"$50,000",Female,Sales,Assistant,02/20/20,D,no-user@gmail.com,555-555-5555,,
 Hannah ,50,"$65,000",Other,HR,Clerk,01/12/19,D,no-user@gmail.com,098-765-4321,,
 David ,37,"$70,000",Male,IT,Director,02/20/20,F,user@domain.com,098-765-4321,,
 Hannah ,50,"$70,000",Female,Finance,Clerk,03/25/19,A,no-user@gmail.com,000-000-0000,,
 Hannah ,40,"$50,000",Male,Marketing,Director,02/20/20,C,no-user@gmail.com,123-456-7890,,
 Eve ,37,"$60,260 ",Female,HR,Director,04/05/18,B,no-user@gmail.com, ,,
 David ,30,"$55,000",Male,IT,Clerk,01/12/19,D,no-user@gmail.com, ,,
 Bob ,30,"$55,000",Female,Sales,Manager,01/15/20,C,no-user@gmail.com,123-456-7890,,
 Charlie ,37,"$65,000",Female,HR,Assistant,01/15/20,D,name@company.org,123-456-7890,,
 Charlie ,30,"$65,000",Female,HR,Director,01/12/19,D,user@domain.com,555-555-5555,,
 David ,40,"$60,260 ",Female,Marketing,Director,03/25/19,B,no-user@gmail.com, ,,
 David ,25,"$65,000",Female,IT,Manager,02/20/20,F,no-user@gmail.com,000-000-0000,,
 Jack ,40,"$55,000",Female,Finance,Analyst,03/25/19,A,user@domain.com,098-765-4321,,
 Eve ,50,"$60,000 ",Female,Sales,Manager,01/15/20,F,user@domain.com,555-555-5555,,
 David ,40,"$70,000",Female,IT,Manager,01/12/19,C,user@domain.com, ,,
 Jack ,50,"$60,000 ",Female,Sales,Director,01/12/19,F,user@domain.com,123-456-7890,,
 Hannah ,30,"$60,000 ",Male,HR,Assistant,03/25/19,C,email@example.com, ,,
 Frank ,25,"$55,000",Other,Marketing,Manager,03/25/19,C,no-user@gmail.com,000-000-0000,,
 Frank ,30,"$60,000 ",Female,Marketing,Analyst,02/20/20,A,email@example.com,555-555-5555,,
 Hannah ,35,"$60,260 ",Other,Finance,Clerk,04/05/18,B,no-user@gmail.com,123-456-7890,,
 Grace ,30,"$50,000",Female,Marketing,Manager,04/05/18,A,no-user@gmail.com,000-000-0000,,
 Jack ,50,"$65,000",Female,HR,Manager,02/20/20,F,no-user@gmail.com,098-765-4321,,
 Jack ,30,"$50,000",Male,Finance,Analyst,04/05/18,C,no-user@gmail.com,555-555-5555,,
 Hannah ,30,"$70,000",Male,IT,Assistant,01/15/20,D,user@domain.com,000-000-0000,,
 Bob ,25,"$65,000",Other,Marketing,Manager,04/05/18,D,email@example.com,000-000-0000,,
 Ivy ,30,"$60,000 ",Male,Finance,Manager,02/20/20,C,user@domain.com,123-456-7890,,
